id,avatar,first_name,last_name,age,nationality_code,hobbies
"f14b50c1-5d2a-4cc7-b656-124bef04fc6c","https://cdn.jsdelivr.net/gh/faker-js/assets-person-portrait/male/512/27.jpg","Sanford","Schaefer","72","it","Skiing|Knitting|Birdwatching|Pottery|Photography|Astronomy|Chess|Camping"
"33980312-f933-415c-880c-ad57eed67745","https://avatars.githubusercontent.com/u/68428466","Sara","Mahoney","118","sg","Knitting|Chess|Dancing|Baking|Fishing|Running|Pottery|Hiking"
"51981887-abb2-4d51-a884-460fefd06bbd","https://avatars.githubusercontent.com/u/74641957","Steve","Johanns","91","ca","Calligraphy|Yoga|Woodworking|Astronomy|Birdwatching|Baking|Pottery|Painting|Gardening"
"143fd192-4eaf-4b5c-b240-69e360be634f","https://cdn.jsdelivr.net/gh/faker-js/assets-person-portrait/male/512/28.jpg","Montague","Morhardt","76","fr","Piano"
"dc1cb706-2080-4303-b823-a0e05953b475","https://avatars.githubusercontent.com/u/3265201","Modena","Schuman","12","no","Guitar|Fishing"
"7d581120-69ea-40f2-9079-ff5f059b43c1","https://avatars.githubusercontent.com/u/28202928","Stanley","Smathurst","34","eg","Calligraphy"
"db8508ea-4b56-4c92-a5c6-d934f20f78af","https://cdn.jsdelivr.net/gh/faker-js/assets-person-portrait/female/512/66.jpg","Joellen","Munsch","51","nz","Camping|Yoga"
"33576423-418c-4674-b6fb-4b207f1f97f4","https://cdn.jsdelivr.net/gh/faker-js/assets-person-portrait/male/512/29.jpg","Jennifer","Schall","97","bd","Origami|Camping"
"247690e8-567d-40f0-b587-c967dbb9e5c3","https://avatars.githubusercontent.com/u/58698567","Savanna","Smelcer","78","kr","Calligraphy|Singing"
"3f61bd67-47db-41b7-ae3f-e4cc8cefe7a2","https://avatars.githubusercontent.com/u/94750989","Stella","Mutchler","38","pk","Baking|Cycling|Reading|Birdwatching|Camping"
"5eb4127f-1ba5-4c83-be64-0aabed191b62","https://cdn.jsdelivr.net/gh/faker-js/assets-person-portrait/female/512/19.jpg","Dorothy","Jackson","38","ua","Yoga|Skiing|Surfing|Traveling|Baking|Chess|Cycling|Camping|Painting|Photography"
"926010a2-b5b6-42ff-b584-a16de220177a","https://avatars.githubusercontent.com/u/68674249","Sander","Matheson","100","es",""
"2cdac4f9-db31-482f-9389-c5f077330e32","https://avatars.githubusercontent.com/u/56008493","Stephen","Morin","120","pt","Gardening|Traveling|Gaming|Woodworking|Chess|Painting|Hiking|Camping|Swimming"
"834be38a-443e-4d5a-b38a-8521efbc115a","https://avatars.githubusercontent.com/u/48354240","Joelson","Smock","25","jp","Camping|Running|Writing|Origami|Piano"
"5fcfbc9d-72f7-482a-bd57-6f42dcff306e","https://avatars.githubusercontent.com/u/26530763","Jonah","Mileham","110","gb","Knitting|Birdwatching"
"e54438b7-8003-4a44-8850-98bfa44bc540","https://cdn.jsdelivr.net/gh/faker-js/assets-person-portrait/male/512/80.jpg","Savage","Clark","92","gr","Yoga|Woodworking|Knitting|Singing|Astronomy"
"03a12be7-5473-49b4-a489-cc9ba9be581c","https://cdn.jsdelivr.net/gh/faker-js/assets-person-portrait/female/512/21.jpg","Montague","Schunk","1","pe","Traveling|Piano|Dancing|Reading|Calligraphy|Running|Singing|Photography|Gardening|Painting"
"ee5f2fb3-709e-4b82-b4f2-f16ce226b9ac","https://avatars.githubusercontent.com/u/66821199","Saundra","King","100","ru","Running|Gardening|Yoga|Gaming|Baking|Painting"
"2d3808c2-9bb5-4698-9da3-fabf9bea9361","https://avatars.githubusercontent.com/u/39289317","Stephania","Mahone","92","jp","Running|Writing|Hiking|Painting|Traveling"
"13b1ca4b-0cc7-470d-84b8-ca54e267c44f","https://cdn.jsdelivr.net/gh/faker-js/assets-person-portrait/male/512/81.jpg","Stephon","Smolinski","39","th","Piano|Hiking|Gardening|Baking|Astronomy|Camping|Knitting"
"2130d020-c97e-4398-9182-644d48172432","https://cdn.jsdelivr.net/gh/faker-js/assets-person-portrait/male/512/8.jpg","Stefanie","Moriarty","67","ch","Running|Yoga|Chess|Pottery|Writing|Guitar"
"b3b1090e-d8a4-4458-b5bd-36faf46b2132","https://avatars.githubusercontent.com/u/49983755","Molly","Milton","21","be","Gardening"
"962b6a47-93f4-4aa3-b2bc-e902b7a7b141","https://avatars.githubusercontent.com/u/44578374","Stefano","Mutchler","13","gb","Baking"
"3e98ee57-a790-4685-bdcd-2aea51442af4","https://cdn.jsdelivr.net/gh/faker-js/assets-person-portrait/male/512/14.jpg","Stefan","Schaffner","78","jp","Calligraphy"
"68bf9d55-6dd3-4455-96f0-7b2ee688f14c","https://cdn.jsdelivr.net/gh/faker-js/assets-person-portrait/female/512/94.jpg","Jorgensen","Rodriguez","66","gb",""
"17aeec0f-b1b2-450e-813e-692a24dc0f89","https://cdn.jsdelivr.net/gh/faker-js/assets-person-portrait/male/512/55.jpg","Mohamed","Martinez","19","ua","Surfing"
"23416de5-f94f-4e17-ba8f-ebfdf7d96146","https://cdn.jsdelivr.net/gh/faker-js/assets-person-portrait/female/512/53.jpg","Mortimer","Harris","109","id","Running|Knitting"
"58c2fd5b-4262-40ec-a088-8a116e1fec3f","https://avatars.githubusercontent.com/u/28233042","Elizabeth","Mullin","103","pl","Surfing|Swimming|Writing|Hiking|Cycling|Painting|Calligraphy|Woodworking|Astronomy|Photography"
"131436e2-199d-4fb5-8e96-7b6479b04ea3","https://avatars.githubusercontent.com/u/53475350","Stephen","Garcia","45","ch","Camping"
"6ef61535-2b24-4a22-8941-4e637bb81c71","https://cdn.jsdelivr.net/gh/faker-js/assets-person-portrait/male/512/71.jpg","Stephanie","Smathelson","106","mx","Hiking|Gardening|Astronomy|Reading|Traveling|Skiing|Fishing|Woodworking|Photography|Guitar"
"7184955d-22fa-45a2-85c9-4a5011d31811","https://cdn.jsdelivr.net/gh/faker-js/assets-person-portrait/male/512/78.jpg","Savina","Scott","37","au","Skiing|Calligraphy|Singing"
"38a4275c-46f1-48b9-a33c-87e9f4743b05","https://cdn.jsdelivr.net/gh/faker-js/assets-person-portrait/male/512/27.jpg","Joanne","Mahan","120","cn","Running|Piano|Fishing|Surfing"
"505e98a4-2355-42a5-9060-ad76c4b9496e","https://avatars.githubusercontent.com/u/92790621","Sally","Mullan","24","us","Writing|Woodworking|Guitar"
"6c86bfe5-0f99-4e64-a6e4-d81a71ea3152","https://avatars.githubusercontent.com/u/17455572","Mohit","Johnstun","25","bd","Skiing|Gaming|Chess|Dancing|Astronomy|Cooking|Pottery|Fishing|Camping"
"0050779d-3f65-49ff-9c97-580305049b6a","https://avatars.githubusercontent.com/u/94409632","Daniel","Smells","77","il","Skiing"
"296f1407-8478-4ef6-a60f-37e78d5d0af8","https://cdn.jsdelivr.net/gh/faker-js/assets-person-portrait/female/512/56.jpg","Thomas","Mullane","11","cl","Piano|Painting|Fishing|Cooking|Running|Skiing|Knitting|Dancing"
"00dc7be2-d48d-413d-89be-980ca3039e9f","https://cdn.jsdelivr.net/gh/faker-js/assets-person-portrait/female/512/45.jpg","Moritz","Morg","25","bd","Writing|Cooking|Traveling|Running|Birdwatching|Painting|Woodworking|Knitting|Piano"
"8ba2f4ad-22d6-48ce-9f6d-61d1a38cd19b","https://avatars.githubusercontent.com/u/58273236","Samson","Mullens","78","jp","Photography|Woodworking|Cycling|Pottery|Writing"
"a82f487d-b4cc-4167-a577-b370d429a306","https://avatars.githubusercontent.com/u/53617072","Stella","Milne","25","pl",""
"a69cc94e-5476-4003-8ef0-6d37acaef43a","https://avatars.githubusercontent.com/u/85308767","Moira","Martin","11","eg","Chess|Origami|Birdwatching|Gardening|Fishing|Camping|Guitar|Astronomy|Knitting"
"c14ea8fd-4d6e-4397-8964-40bffec6f7df","https://cdn.jsdelivr.net/gh/faker-js/assets-person-portrait/female/512/31.jpg","Montserrat","Smelson","48","dk","Guitar|Fishing|Origami|Astronomy|Piano|Swimming|Calligraphy|Birdwatching|Surfing"
"212b576b-97cc-4890-a041-667ef011cda6","https://cdn.jsdelivr.net/gh/faker-js/assets-person-portrait/female/512/56.jpg","Stew","Schurz","120","pt","Piano|Birdwatching"
"62bf21d1-0586-4b1b-8af6-67c9e8e37bfa","https://cdn.jsdelivr.net/gh/faker-js/assets-person-portrait/female/512/37.jpg","Saul","Mueller","58","za","Hiking|Camping|Reading|Yoga|Knitting|Photography|Origami|Dancing|Gardening|Woodworking"
"64e202b3-048c-4f05-86d2-aa99ea5d594b","https://avatars.githubusercontent.com/u/19170643","Morton","Smelts","37","id","Traveling"
"5bddb80c-d9d1-4858-9309-f2150b173619","https://avatars.githubusercontent.com/u/41230613","Joanne","Moring","54","ph","Cycling|Yoga|Birdwatching"
"29960cf3-d357-45f4-b2fb-b2a68b58fa79","https://cdn.jsdelivr.net/gh/faker-js/assets-person-portrait/female/512/33.jpg","Stanley","Muth","30","ke","Painting|Writing|Calligraphy|Gaming|Skiing"
"739f6ed4-8999-49a4-8391-5008f731029f","https://avatars.githubusercontent.com/u/15080456","Stefanell","Smola","81","co","Reading|Gaming"
"0ce7f7f4-bda9-4d88-bb84-e81b44ac69b6","https://avatars.githubusercontent.com/u/5516338","Sally","Morey","45","be","Traveling|Woodworking|Skiing|Running|Reading|Yoga|Cycling|Guitar|Painting"
"e64c35c6-8d7b-4089-827c-bcc90eef97a7","https://cdn.jsdelivr.net/gh/faker-js/assets-person-portrait/female/512/6.jpg","Stewart","Morin","81","pe","Knitting|Birdwatching|Gardening|Skiing|Gaming|Fishing|Origami"
"f3b2cc95-9863-4dcb-a3cf-e1f0d212f4b6","https://avatars.githubusercontent.com/u/55459897","Jody","Morrison","62","id","Origami|Skiing"
"a41bb49e-7e33-417a-a0bd-3346e70df8dd","https://avatars.githubusercontent.com/u/41912359","Modesto","Matthews","1","fr",""
"54767592-cb67-4af6-a51f-e60352c90528","https://cdn.jsdelivr.net/gh/faker-js/assets-person-portrait/female/512/60.jpg","Stephen","Schneider","76","se","Fishing|Swimming|Cooking|Gaming|Hiking|Baking"
"e7185ed2-7b46-448b-97a8-31bc60b6ee10","https://cdn.jsdelivr.net/gh/faker-js/assets-person-portrait/female/512/11.jpg","Jorgensen","Morrison","107","sg","Cycling|Cooking"
"bfd71520-f0b6-4e3b-9984-225c9ba7a3be","https://cdn.jsdelivr.net/gh/faker-js/assets-person-portrait/female/512/90.jpg","Mordecai","Joekel","80","at","Astronomy|Hiking|Running|Calligraphy"
"57f1834c-10e2-49db-99a0-b8a9e1055511","https://avatars.githubusercontent.com/u/7407501","Jolene","Taylor","0","th","Traveling|Knitting|Hiking|Piano|Dancing|Gaming"
"77116597-2433-431f-98b3-26e1569d86b2","https://cdn.jsdelivr.net/gh/faker-js/assets-person-portrait/male/512/80.jpg","Mohamed","Matthews","106","za","Camping|Writing|Pottery|Chess"
"4a74df08-1aba-4bc4-98c7-238a80921e02","https://cdn.jsdelivr.net/gh/faker-js/assets-person-portrait/male/512/4.jpg","Robert","Milstead","50","ke","Photography|Astronomy|Baking|Chess|Calligraphy|Cycling"
"8e2e9cc3-f9fb-470a-b7fb-38e2c40ab7e4","https://cdn.jsdelivr.net/gh/faker-js/assets-person-portrait/female/512/42.jpg","Stefanie","Murphy","102","pk","Camping|Swimming|Cooking"
"c9cdb595-c06c-4699-a8a5-bc0b33f64612","https://avatars.githubusercontent.com/u/39490660","Saul","Johansson","11","nz","Piano|Knitting|Cooking|Camping|Swimming|Gardening|Writing|Yoga"
"fdcf9ba3-d25a-4839-b2fa-4b7ebac389b0","https://avatars.githubusercontent.com/u/9629509","Moira","Smolinski","20","fi","Fishing|Reading|Photography"
"6833db67-512b-4fd5-8861-a339c2737a42","https://cdn.jsdelivr.net/gh/faker-js/assets-person-portrait/male/512/94.jpg","Morton","Johnstad","28","gr","Cycling|Origami|Astronomy|Pottery|Chess|Painting"
"43025511-f429-47d1-8b2c-3dc890c16efd","https://avatars.githubusercontent.com/u/92619837","Jorgensen","Smathers","6","cz","Cycling|Calligraphy|Dancing|Gaming|Traveling|Painting"
"6df897cc-aed8-428a-817a-e7a166f4adf4","https://avatars.githubusercontent.com/u/93416756","Morris","Taylor","2","gb","Cycling|Knitting"
"155b296c-3b27-46b7-a261-b21139e12499","https://avatars.githubusercontent.com/u/7289205","Joel","Mullin","99","pe","Knitting|Guitar|Piano|Reading|Surfing|Gaming|Cycling"
"2f516736-c34a-40cb-b308-e4509e19d497","https://avatars.githubusercontent.com/u/80016956","Patricia","Murphy","4","it","Woodworking|Reading|Traveling|Cycling|Photography|Dancing|Guitar|Skiing"
"c2ef2aaf-0a05-44cb-b370-34f6ac21b9fd","https://cdn.jsdelivr.net/gh/faker-js/assets-person-portrait/female/512/95.jpg","Monroe","Munchel","116","jp","Singing|Swimming|Fishing"
"9fe5bd07-78ed-472f-a5d2-25cff78bf4c9","https://avatars.githubusercontent.com/u/4272420","Stephenie","Mills","30","fr","Knitting|Yoga|Running"
"d88433a4-00c0-4c30-92c3-c7adf60e1d31","https://cdn.jsdelivr.net/gh/faker-js/assets-person-portrait/male/512/63.jpg","Modena","Mullin","7","pk","Traveling|Photography|Singing|Piano|Skiing|Surfing|Camping|Yoga"
"ce1a0122-7142-489f-99d5-03396330e5b1","https://avatars.githubusercontent.com/u/52187604","Sadie","Schubert","11","il","Traveling|Baking|Cycling|Birdwatching|Reading|Swimming"
"bf3f6190-9912-4a1a-bbed-fe2221040820","https://cdn.jsdelivr.net/gh/faker-js/assets-person-portrait/female/512/20.jpg","Jolene","Johansen","33","es","Cooking|Skiing|Chess|Gaming|Knitting|Gardening|Painting"
"130e579c-0b21-4f5b-a51d-d89b76de9c2f","https://avatars.githubusercontent.com/u/62169487","Joanne","Mitchell","64","dk","Calligraphy|Pottery|Swimming|Reading|Woodworking|Hiking|Guitar"
"cb370d83-b31d-46a2-bab2-891fdb50661d","https://cdn.jsdelivr.net/gh/faker-js/assets-person-portrait/female/512/44.jpg","Stefanell","Smeltzer","79","fr","Astronomy|Yoga|Camping|Writing|Baking|Surfing|Traveling|Chess|Skiing"
"cd5eb13b-a25b-4847-b638-918098ef4a71","https://avatars.githubusercontent.com/u/96128463","Savina","Musselman","107","kr","Dancing|Reading"
"8a0b4247-ba33-47c1-b2ba-1a422b69d99c","https://avatars.githubusercontent.com/u/99432841","Jorgensen","Milstead","75","eg","Reading|Fishing|Writing|Pottery|Painting|Piano|Skiing|Hiking|Chess"
"65d1802e-f754-4a4a-b5d0-7ebdb0710705","https://cdn.jsdelivr.net/gh/faker-js/assets-person-portrait/male/512/56.jpg","Steffen","Mullins","52","ke","Guitar|Birdwatching|Origami|Reading|Camping|Baking|Gaming|Hiking"
"1132c918-f303-4e0d-bfb7-324de7822f84","https://avatars.githubusercontent.com/u/79294321","Mary","Smith","2","jp","Calligraphy|Hiking|Photography|Baking"
"8463a284-8084-45b8-93e1-0518cb1bed79","https://avatars.githubusercontent.com/u/68207417","Jonathan","Smallwood","24","br","Singing|Painting|Traveling|Piano|Skiing|Baking"
"c2f0846a-0234-4d3c-bdb5-f3ff18109c16","https://cdn.jsdelivr.net/gh/faker-js/assets-person-portrait/female/512/57.jpg","Sally","Morar","70","gr","Cooking|Swimming"
"0a94a265-0413-4dc8-a06e-52c741c0abb1","https://avatars.githubusercontent.com/u/17266140","James","Morgan","51","pk","Running|Hiking"
"fa0af03f-6355-4e8b-b0c3-988334581959","https://cdn.jsdelivr.net/gh/faker-js/assets-person-portrait/female/512/36.jpg","Thomas","Magnavox","21","pl","Hiking|Cooking|Cycling|Camping|Piano"
"5544692d-09a4-4a71-ab2d-fe682c4db8d6","https://avatars.githubusercontent.com/u/66357442","Sally","Muse","65","cz","Astronomy|Calligraphy"
"048c4bfd-9703-403f-9ba0-41cf3b38cfe9","https://avatars.githubusercontent.com/u/18707866","Moira","Morgan","23","pe","Swimming|Chess|Fishing|Gardening|Running|Painting"
"c9ff2b07-690a-4a9d-ab1f-66b031522281","https://avatars.githubusercontent.com/u/72377372","Stephania","Johnsen","26","ua","Cooking|Calligraphy|Chess|Yoga|Gardening|Hiking|Guitar|Camping|Piano|Dancing"
"9a3e460d-9002-44c4-8cfd-280180c2ef7b","https://cdn.jsdelivr.net/gh/faker-js/assets-person-portrait/female/512/34.jpg","Joellen","Jackson","103","co","Gardening|Cycling|Baking|Writing|Astronomy|Painting|Birdwatching|Camping|Knitting|Dancing"
"74f5c555-ccd8-496f-9023-d6bcf96c7e2b","https://avatars.githubusercontent.com/u/7511435","Stephane","Smelson","16","id","Swimming|Guitar|Fishing|Astronomy|Running"
"17d62c7c-eaa8-4c6f-9311-5a572335afa2","https://avatars.githubusercontent.com/u/93873717","Jessica","Muth","8","ie","Knitting|Astronomy|Running|Birdwatching|Cooking|Surfing|Painting|Origami"
"eb3df747-1540-47b6-93c0-6395e86509bf","https://cdn.jsdelivr.net/gh/faker-js/assets-person-portrait/male/512/77.jpg","Daniel","Johansen","115","lk","Knitting|Yoga|Fishing|Woodworking|Running|Gardening"
"b4c26f39-b21c-41fd-9d56-4da3679f75a3","https://avatars.githubusercontent.com/u/8689887","William","Munday","36","in","Woodworking|Origami|Photography|Reading|Writing|Piano"
"c9de2624-c0be-4d3f-9699-400b758c6dd3","https://cdn.jsdelivr.net/gh/faker-js/assets-person-portrait/male/512/92.jpg","Sadie","Johannsen","93","fr","Surfing|Cycling|Painting|Dancing|Swimming|Astronomy|Skiing|Yoga"
"d5149621-d669-40e2-b805-a66c42818ded","https://avatars.githubusercontent.com/u/94536615","Mary","Mullens","31","gr",""
"711b43e1-6b05-4c49-bf50-38d84d64086e","https://avatars.githubusercontent.com/u/97875874","Elizabeth","Schumacher","53","ca","Calligraphy|Running|Reading|Traveling|Dancing|Astronomy|Origami|Swimming"
"6f73f795-eb2f-4d84-ade2-716a0fe459bd","https://avatars.githubusercontent.com/u/11925018","Jocelyn","Johnstone","75","in","Skiing|Chess|Camping|Gaming|Reading|Singing|Pottery|Writing|Painting"
"8c49db2f-a810-4b13-9bf1-1e04537225d4","https://avatars.githubusercontent.com/u/40937627","Joseph","Morhardt","100","il","Skiing|Knitting|Gardening"
"1e23facd-1748-412a-84ab-a61ca93efe87","https://avatars.githubusercontent.com/u/77001333","Thomas","Maxwell","72","ph","Photography|Astronomy|Writing|Gardening|Birdwatching|Swimming"
"a7cb800d-260c-4a4f-9be3-d3cb28c3eace","https://avatars.githubusercontent.com/u/58103080","Joelson","Mileham","31","at","Photography"
"21009fd2-7ef8-4368-9397-3456660c9404","https://cdn.jsdelivr.net/gh/faker-js/assets-person-portrait/female/512/7.jpg","Saundra","Musselman","40","at","Birdwatching|Hiking|Pottery|Camping|Photography|Writing"
"850cdfcb-9510-4259-8bf6-9175b9fd1d82","https://avatars.githubusercontent.com/u/30943833","Santos","Schaffner","7","pt","Cycling|Guitar|Gaming|Woodworking|Skiing|Running"
"b2e94bed-753a-4af2-a374-b4a67a0a2ec8","https://avatars.githubusercontent.com/u/75120188","Joris","Morlock","62","pe","Cycling|Dancing"
"c0e3334e-02ac-4a6b-841a-9a1c43baeb23","https://cdn.jsdelivr.net/gh/faker-js/assets-person-portrait/female/512/21.jpg","Stephane","Morg","44","gb","Piano|Singing|Baking|Knitting|Chess|Camping|Surfing|Gardening"
"b94fb65e-ab46-4a1e-a547-51018a747e77","https://cdn.jsdelivr.net/gh/faker-js/assets-person-portrait/female/512/9.jpg","Mohit","Morello","49","ph","Reading|Calligraphy|Skiing|Dancing|Cooking|Piano|Traveling|Origami|Camping"
"19770c53-87e6-41f5-9b00-381e905460ef","https://cdn.jsdelivr.net/gh/faker-js/assets-person-portrait/male/512/22.jpg","Saveria","Mori","31","id","Pottery|Gardening|Painting|Chess|Traveling|Astronomy|Baking|Photography|Birdwatching"
"1b2cf396-230e-49c5-8ce0-96b6b49d5622","https://cdn.jsdelivr.net/gh/faker-js/assets-person-portrait/male/512/64.jpg","Charles","Moring","70","ua","Piano|Cycling|Guitar|Reading|Running|Traveling|Photography|Yoga|Woodworking"
"b29d87b5-1e66-4bf9-b94d-862edc07600c","https://cdn.jsdelivr.net/gh/faker-js/assets-person-portrait/male/512/67.jpg","Modena","Williams","54","cn","Dancing|Photography|Singing"
"be8d4af2-973e-446d-9a58-d86482c9a949","https://cdn.jsdelivr.net/gh/faker-js/assets-person-portrait/male/512/56.jpg","Stew","Schumann","67","ch","Dancing|Calligraphy|Surfing|Gardening|Cycling|Knitting|Astronomy|Fishing|Reading|Painting"
"b8fb3294-b3ae-4513-be11-fa9a9a7f3940","https://avatars.githubusercontent.com/u/58416716","Savage","Morlock","19","at","Pottery|Dancing"
"3f7484ee-fd8d-4e86-8c4a-34cc00b51b10","https://avatars.githubusercontent.com/u/60419606","Mortimer","Brown","37","vn","Skiing|Piano|Dancing|Running|Camping|Astronomy"
"e181171b-2b0d-473a-b08d-1a5c38b0d0b9","https://avatars.githubusercontent.com/u/86042383","Jonathon","Johl","114","br","Photography|Traveling"
"ac7ebb8b-ce82-40da-a0af-6d96d223ca43","https://avatars.githubusercontent.com/u/58308577","Moreno","Milnor","28","cz","Origami|Chess|Singing|Reading|Gaming|Guitar|Traveling|Yoga"
"9466d9ff-fdb6-4682-88ff-605995008fc5","https://avatars.githubusercontent.com/u/69597578","Barbara","Smelcer","91","se","Traveling|Reading|Surfing|Writing|Skiing|Gaming|Baking"
"5fdb6d92-03c0-4dad-a50b-1098f9245f2e","https://avatars.githubusercontent.com/u/36237513","Margaret","Milby","98","id","Surfing|Gaming|Pottery|Origami|Fishing|Guitar"
"8875885b-5910-4298-8acf-cd8c8df3dac3","https://avatars.githubusercontent.com/u/13448057","Jocelyn","Young","66","vn","Yoga|Skiing|Fishing"
"95525130-06df-463b-a5b7-04f81bd2a58e","https://avatars.githubusercontent.com/u/91065947","Dorothy","Schaffner","27","pt","Yoga|Camping|Painting|Dancing|Chess|Singing|Surfing"
"494fb0ce-6d01-4f3d-ba51-346d38310d67","https://avatars.githubusercontent.com/u/15966990","Stefano","Smells","77","no","Traveling|Camping|Writing|Hiking"
"b6242e0d-edc9-4ed7-9a59-c9c4c67b73d7","https://avatars.githubusercontent.com/u/32229566","Susan","Mori","50","sa","Gardening"
"4ddad2d4-b021-4955-a4af-c1cdea1cc28d","https://avatars.githubusercontent.com/u/68435600","Daniel","Mumm","52","es","Yoga|Painting|Cooking|Writing|Pottery|Photography|Fishing|Skiing"
"032b4bb5-2433-4204-8f22-42073a1e873b","https://cdn.jsdelivr.net/gh/faker-js/assets-person-portrait/male/512/53.jpg","Joelson","Johansen","81","kr","Photography|Cycling|Traveling|Dancing|Fishing|Surfing|Birdwatching|Painting"
"b351850b-8908-4b8d-b18b-fcee4ffeed10","https://cdn.jsdelivr.net/gh/faker-js/assets-person-portrait/male/512/12.jpg","Jolene","Schumann","58","ng","Dancing"
"f2475852-9aab-4f1d-9ac4-fdbbf95b052f","https://cdn.jsdelivr.net/gh/faker-js/assets-person-portrait/male/512/9.jpg","Steve","Smolinski","8","my","Piano|Gaming|Surfing|Running|Calligraphy|Cooking|Reading|Painting|Cycling|Swimming"
"38af1f7b-9f98-4c5e-b074-265b34d1e48e","https://cdn.jsdelivr.net/gh/faker-js/assets-person-portrait/male/512/95.jpg","Joaquin","Johnsteen","71","au","Cooking|Yoga|Gaming|Birdwatching|Baking|Astronomy"
"e04aac6a-fea8-49b0-8427-59f9b23e0554","https://avatars.githubusercontent.com/u/39457708","Molly","Schulze","116","pl",""
"606a091b-4610-45ee-9816-a4bb041c7d52","https://cdn.jsdelivr.net/gh/faker-js/assets-person-portrait/female/512/68.jpg","Jovan","Milnor","21","ng","Hiking|Astronomy|Cooking|Singing|Yoga|Painting"
"91caf33e-0e50-4561-b0e9-b10355b5817e","https://cdn.jsdelivr.net/gh/faker-js/assets-person-portrait/male/512/26.jpg","Monroe","Smock","5","ng","Painting|Gardening|Writing|Swimming|Pottery"
"5184114b-66cc-4714-ae96-9b163b9fabe3","https://cdn.jsdelivr.net/gh/faker-js/assets-person-portrait/female/512/99.jpg","Stéphane","Martinez","37","ke","Chess|Woodworking|Baking|Running|Birdwatching"
"c337405f-e37d-4fb5-9e42-43557413c29b","https://cdn.jsdelivr.net/gh/faker-js/assets-person-portrait/male/512/43.jpg","James","Mullen","55","cn","Writing|Calligraphy|Traveling|Painting"
"4b154fa4-8ae2-443a-bb62-48a159435a14","https://avatars.githubusercontent.com/u/31101492","Joellen","Moran","101","br","Pottery|Cycling|Yoga|Swimming|Knitting|Cooking|Guitar|Photography"
"82396a53-1301-4fe7-ab47-c938f6e9d525","https://cdn.jsdelivr.net/gh/faker-js/assets-person-portrait/male/512/69.jpg","Molly","Johny","85","ch","Pottery|Yoga|Piano|Woodworking|Chess"
"70072a4e-6d99-4f66-bb50-ecb907a691fd","https://cdn.jsdelivr.net/gh/faker-js/assets-person-portrait/female/512/28.jpg","Morton","Mork","6","lk","Cycling"
"4fc7c525-6c39-4537-972e-804ee97fdbc0","https://avatars.githubusercontent.com/u/11628311","Mary","Smolinski","83","at","Gaming|Fishing|Gardening|Reading|Baking|Birdwatching|Hiking"
"75b8bbe7-da11-4d21-8654-2460a94e51a7","https://cdn.jsdelivr.net/gh/faker-js/assets-person-portrait/female/512/1.jpg","Charles","Schubert","16","fr","Calligraphy|Hiking"
"74c47254-8472-4167-b1a3-4b45d7f7359a","https://cdn.jsdelivr.net/gh/faker-js/assets-person-portrait/male/512/7.jpg","Joshua","Munchel","97","dk","Camping|Surfing"
"df57596f-e9d1-4ba5-a9a1-28085b6436b2","https://cdn.jsdelivr.net/gh/faker-js/assets-person-portrait/male/512/49.jpg","Jody","Munday","52","eg","Knitting|Piano|Skiing|Surfing|Reading|Fishing|Swimming|Baking|Dancing|Cooking"
"246b75c1-8a96-4dde-a403-afeddb382ea6","https://cdn.jsdelivr.net/gh/faker-js/assets-person-portrait/male/512/74.jpg","Morton","Anderson","8","pt","Camping|Cooking|Running|Cycling|Traveling|Astronomy|Fishing|Reading|Piano"
"3e518271-3827-44ed-bba7-b0907bb831f1","https://cdn.jsdelivr.net/gh/faker-js/assets-person-portrait/male/512/52.jpg","Jonathon","Smelski","57","pl","Running|Piano"
"0ee502c3-fd8e-4f97-af95-70864debfae8","https://cdn.jsdelivr.net/gh/faker-js/assets-person-portrait/male/512/26.jpg","Mortimer","Smells","106","jp","Gardening|Hiking|Running|Calligraphy|Piano"
"638d46c8-7d0c-47de-b4a1-18cb61f2145c","https://avatars.githubusercontent.com/u/71162546","Joanne","Schmidt","58","no",""
"1332e999-380f-40dd-9344-55e4047f4556","https://avatars.githubusercontent.com/u/87620874","Mohan","Smelson","47","lk","Pottery|Woodworking|Fishing|Singing|Cycling|Gaming|Birdwatching|Hiking|Origami|Swimming"
"924842cb-b0c8-496d-b66a-11ab686b778d","https://avatars.githubusercontent.com/u/29772144","Stefan","Morris","1","pt","Reading|Swimming|Woodworking|Birdwatching|Fishing"
"4008b39a-3330-4a54-b1bb-6a9f9fd5390e","https://cdn.jsdelivr.net/gh/faker-js/assets-person-portrait/male/512/70.jpg","Elizabeth","Hernandez","46","cl","Knitting|Writing|Traveling|Painting|Guitar|Swimming|Cycling"
"f6ee4586-161e-4bc0-b7ca-259b3c5269f0","https://avatars.githubusercontent.com/u/82083045","Richard","Maher","64","jp","Origami|Woodworking|Hiking"
"38149b5b-875f-4ecb-b97b-2937fedeb1fd","https://cdn.jsdelivr.net/gh/faker-js/assets-person-portrait/male/512/98.jpg","Moritz","Morris","17","fr","Woodworking"
"7b0ef459-344d-4421-9dbc-2cb80a167f62","https://avatars.githubusercontent.com/u/51562342","Stefanie","Smelt","32","id",""
"477dd4a6-39f9-4182-a824-c5cdb58780da","https://avatars.githubusercontent.com/u/42451795","Joanna","Milstein","49","ar","Chess|Yoga"
"74095560-733c-4ae2-9c9c-c312e9e9cfeb","https://avatars.githubusercontent.com/u/95298873","Modesto","Mull","7","in","Gaming|Surfing|Swimming|Dancing|Calligraphy"
"6552cb27-937b-4ccc-9750-78ddf9bbae0c","https://cdn.jsdelivr.net/gh/faker-js/assets-person-portrait/female/512/31.jpg","Saveria","Mullins","10","cl","Yoga|Knitting|Swimming|Painting|Singing|Birdwatching|Gardening|Dancing|Pottery|Photography"
"40f1b01c-879f-40de-9b8e-d70c8266581e","https://cdn.jsdelivr.net/gh/faker-js/assets-person-portrait/female/512/22.jpg","Stephania","Schulze","13","mx","Fishing|Pottery"
"52884e88-d10d-49fe-bc34-b853ed56ad17","https://avatars.githubusercontent.com/u/52043501","Joel","Miller","106","lk","Calligraphy|Traveling|Origami|Baking|Pottery|Gardening|Guitar|Photography|Gaming|Cycling"
"a3627a8e-0ed3-47b3-b8d8-400d92af2604","https://cdn.jsdelivr.net/gh/faker-js/assets-person-portrait/male/512/58.jpg","Monroe","Milstead","85","pl","Surfing|Cooking|Singing|Calligraphy|Gardening|Knitting|Skiing|Chess|Astronomy"
"2d8f8a5b-6946-4496-a5af-a99a2bd7f2f2","https://avatars.githubusercontent.com/u/27892849","Joseph","Hernandez","28","ke","Hiking|Cooking|Singing|Photography|Skiing|Pottery|Yoga|Chess|Gaming|Piano"
"19724788-3b23-427d-a726-e67ca12be9c0","https://avatars.githubusercontent.com/u/19256786","Moira","Milstein","73","at","Piano|Fishing|Writing|Baking"
"5e9c47d8-7e5c-41cd-b611-9f1f667bcf1e","https://avatars.githubusercontent.com/u/88333786","Modesto","Mork","30","eg","Woodworking|Skiing|Dancing|Running|Gaming|Cooking"
"afcdd3e0-86cf-4d64-a81b-966931e35f86","https://avatars.githubusercontent.com/u/20440651","Santino","Minnick","103","pe",""
"d4943021-b543-4050-9495-b9e1874881d2","https://cdn.jsdelivr.net/gh/faker-js/assets-person-portrait/female/512/32.jpg","Joshua","Miller","103","pt","Gaming|Skiing|Calligraphy|Surfing|Running|Astronomy|Birdwatching"
"a55fa086-2af1-4bc7-858b-323c2c4c7b77","https://cdn.jsdelivr.net/gh/faker-js/assets-person-portrait/female/512/63.jpg","Jocelyn","Clark","104","it","Woodworking|Piano|Origami|Calligraphy|Yoga|Skiing|Surfing|Reading|Knitting"
"e94345d6-840a-48c0-8d71-564a3a481b47","https://avatars.githubusercontent.com/u/36828399","Steve","Smock","12","es","Gardening|Birdwatching|Swimming|Piano|Fishing|Calligraphy|Surfing"
"11c9ad3f-652b-4f3c-b079-9b3dc342a603","https://avatars.githubusercontent.com/u/77537085","James","Moring","116","mx","Calligraphy|Skiing"
"32d22463-7caa-4473-a90f-7018ffb8ac35","https://avatars.githubusercontent.com/u/13953450","Joel","Rodriguez","109","ke","Gardening|Cooking|Writing|Yoga|Painting|Photography|Chess|Fishing"
"80f6819a-0889-4463-ac87-50422ba96a4a","https://avatars.githubusercontent.com/u/43484644","Moritz","Mullins","63","be",""
"a308f2d2-8bcd-4b2b-a061-7e7812eafd90","https://avatars.githubusercontent.com/u/91028131","Stefan","Schalk","61","pl","Camping|Gaming"
"5314a122-1df8-42bf-8256-afcca2e821c4","https://avatars.githubusercontent.com/u/20733176","Savina","Johnson","70","be","Reading"
"521bef1e-dc08-4285-bce0-2e3d348e2858","https://avatars.githubusercontent.com/u/40058078","Stefanell","Mumm","115","jp","Birdwatching|Hiking|Guitar|Dancing|Fishing"
"8fbef7e2-cf49-402e-8002-3af0d010039e","https://avatars.githubusercontent.com/u/35167050","Mona","Williams","105","lk","Traveling|Reading|Piano|Cycling|Fishing|Astronomy|Baking"
"b27dd1a9-0d55-48b9-beef-dbadcae7de82","https://cdn.jsdelivr.net/gh/faker-js/assets-person-portrait/female/512/99.jpg","Joaquin","Mahoney","42","no","Writing"
"13bfbf07-83c0-4dad-8f92-3e9ae237d17a","https://avatars.githubusercontent.com/u/10170380","Joris","Schurman","91","pt","Surfing|Cooking|Calligraphy|Gardening|Pottery|Yoga|Running|Origami"
"997cc4c6-9efc-47c2-b2db-40fa221a1b28","https://cdn.jsdelivr.net/gh/faker-js/assets-person-portrait/female/512/36.jpg","Joel","Johnsrud","57","ke","Piano|Gaming|Running|Calligraphy|Baking|Painting"
"9afecb2e-b766-400c-9e70-378c0200df70","https://avatars.githubusercontent.com/u/11253394","Monroe","Schurz","9","ar","Painting|Baking|Writing|Knitting|Gaming|Gardening|Piano"
"9285ca0c-a5b0-42c0-bc9c-ce39b93046b3","https://avatars.githubusercontent.com/u/59044717","Joseph","Walker","83","fi","Birdwatching|Baking|Writing"
"49949f20-9880-40ac-ab6a-e70105377347","https://cdn.jsdelivr.net/gh/faker-js/assets-person-portrait/male/512/80.jpg","Stephenie","Mullin","61","cn","Fishing|Knitting|Cycling|Gardening|Woodworking|Astronomy|Writing"
"66934cb0-6ccd-47b8-9880-a4a7f7488779","https://cdn.jsdelivr.net/gh/faker-js/assets-person-portrait/female/512/96.jpg","Modesto","Mull","15","fi","Yoga|Chess|Pottery|Running"
"eb5544ad-8a26-4dee-b1ad-b72355f6ab98","https://avatars.githubusercontent.com/u/5294560","Stew","Robinson","7","in","Singing|Pottery|Writing|Calligraphy"
"67ebb063-60e2-452a-8b16-c598738f2780","https://avatars.githubusercontent.com/u/41617569","Samuel","Smalls","103","be","Traveling|Hiking|Guitar|Baking|Fishing|Gaming|Woodworking|Gardening|Painting|Chess"
"578697c1-3ee3-41c8-acc9-eb09ab797088","https://avatars.githubusercontent.com/u/16055221","Steve","Morlock","32","id","Surfing|Yoga|Chess|Dancing"
"614ded08-715e-4631-8a95-9affaa6eea95","https://cdn.jsdelivr.net/gh/faker-js/assets-person-portrait/male/512/23.jpg","Monica","Mileham","108","tr","Camping|Traveling"
"f7fde1e8-9023-4885-8058-6c08d862b15e","https://avatars.githubusercontent.com/u/37665276","John","Johnstun","46","bd","Piano|Fishing|Running"
"4fb414eb-8a36-4224-b025-8268c3e01adf","https://avatars.githubusercontent.com/u/69756245","Savasana","Morales","74","gb","Gaming|Surfing|Origami|Baking|Singing|Hiking|Swimming"
"4d0fd4f6-6911-45c6-a848-8085e6986c9b","https://cdn.jsdelivr.net/gh/faker-js/assets-person-portrait/female/512/96.jpg","Molly","Johwell","20","tr","Yoga"
"e0ebb8c1-9f6a-4d00-a91e-8be7ce51ef74","https://cdn.jsdelivr.net/gh/faker-js/assets-person-portrait/male/512/40.jpg","Mona","Smith","14","tr",""
"c79019d6-4230-4fdd-affa-e014bb57d73d","https://cdn.jsdelivr.net/gh/faker-js/assets-person-portrait/female/512/1.jpg","Linda","Johanis","5","cz","Singing|Reading|Dancing|Chess|Cooking|Swimming|Gaming|Baking|Astronomy|Origami"
"25d80424-d1dc-43c0-8772-d73284925aa9","https://avatars.githubusercontent.com/u/83023529","Saundra","Musselman","92","dk","Surfing|Guitar|Woodworking|Photography"
"62db525a-a581-4343-9acf-43b9b229a865","https://cdn.jsdelivr.net/gh/faker-js/assets-person-portrait/female/512/42.jpg","Jonny","Jackson","73","sg","Fishing|Painting|Chess|Piano"
"0fc888b0-6492-446e-8747-402885bbc32d","https://avatars.githubusercontent.com/u/12780224","Morgan","Johndrow","95","at","Baking|Origami|Photography|Writing|Skiing|Yoga|Surfing|Gardening"
"46063183-5547-4f87-92ba-0b9a2951025f","https://avatars.githubusercontent.com/u/47638329","Daniel","Johansson","117","ie","Photography"
"f7b9be67-ceb6-4073-96f5-07f768ca8157","https://avatars.githubusercontent.com/u/24469770","Michael","Miller","92","br","Knitting|Origami|Photography|Pottery|Birdwatching"
"9f746247-f9ed-4702-a5f6-25b8172e935b","https://avatars.githubusercontent.com/u/12651056","Sanford","Matthews","5","fr","Singing|Knitting|Calligraphy|Baking|Fishing|Cooking|Hiking|Yoga|Cycling|Dancing"
"1de79318-aaaf-4aaf-aca8-03ba4e5db275","https://avatars.githubusercontent.com/u/8351008","Saul","Johansen","114","in","Guitar"
"36ae3539-e114-4212-8462-4231963e0edc","https://avatars.githubusercontent.com/u/8523656","Robert","Jones","24","kr","Knitting|Gardening|Photography|Woodworking"
"8c5a456a-31df-4fa9-9fe7-5fe1ed42d676","https://avatars.githubusercontent.com/u/69981132","Joanna","Scott","57","nl","Painting|Origami|Baking|Chess|Piano"
"678876e9-aae0-40f0-ab60-6c6ec062561a","https://cdn.jsdelivr.net/gh/faker-js/assets-person-portrait/female/512/92.jpg","Mona","Moore","110","de","Baking|Piano|Birdwatching|Hiking|Surfing"
"d7378b43-b6ba-4389-bb26-aceb321813b0","https://cdn.jsdelivr.net/gh/faker-js/assets-person-portrait/male/512/49.jpg","Joelson","Smele","70","cl","Origami|Cooking|Hiking|Camping|Chess|Singing|Skiing"
"15be19b1-67a2-41de-a2e3-67135d6e3afc","https://cdn.jsdelivr.net/gh/faker-js/assets-person-portrait/male/512/94.jpg","Santino","Munsch","70","co","Traveling|Singing|Cycling|Dancing"
"d53b44ce-f1d1-40cd-a741-1c74f42f54ae","https://avatars.githubusercontent.com/u/19746036","Sandra","Schulze","106","de","Swimming|Birdwatching|Pottery|Traveling|Chess|Cooking|Skiing"
"40055c62-31e2-4506-bc9d-07dd6c766ff5","https://cdn.jsdelivr.net/gh/faker-js/assets-person-portrait/female/512/45.jpg","Richard","Schulze","114","no","Reading|Baking|Running|Gardening|Knitting|Origami|Writing|Calligraphy"
"aace7941-3dc4-4746-baea-d7f08bc5de30","https://avatars.githubusercontent.com/u/40929642","Mary","Johannsen","75","cz",""
"a3b2d406-75d3-4904-8b2a-4d01e9e7ba28","https://cdn.jsdelivr.net/gh/faker-js/assets-person-portrait/female/512/74.jpg","James","Schurman","46","tr","Chess|Gardening"
"2f3a99d1-f11b-42e3-aadb-de9c9761c259","https://cdn.jsdelivr.net/gh/faker-js/assets-person-portrait/female/512/52.jpg","Mordecai","Schaffrath","3","my","Photography"
"393a85a4-4771-4877-bf28-00836b87eba4","https://cdn.jsdelivr.net/gh/faker-js/assets-person-portrait/male/512/78.jpg","Sara","Matheson","13","fi",""
"99a066cc-9761-4e02-a065-ae4cb65b37a3","https://cdn.jsdelivr.net/gh/faker-js/assets-person-portrait/male/512/85.jpg","Sally","Smathelson","68","ng","Traveling|Origami|Woodworking|Dancing"
"91149bf1-e9f4-4d11-b6c4-7884d6a1bc8b","https://cdn.jsdelivr.net/gh/faker-js/assets-person-portrait/male/512/3.jpg","Savina","Martin","2","dk",""
"e904fa78-4b1f-411b-a458-4d252a2ff2b3","https://cdn.jsdelivr.net/gh/faker-js/assets-person-portrait/female/512/67.jpg","Stéphane","Mahmood","116","sg","Chess|Birdwatching|Knitting|Traveling|Guitar|Gaming"
"faf71a84-6877-4129-87f6-2164430d0a04","https://cdn.jsdelivr.net/gh/faker-js/assets-person-portrait/female/512/56.jpg","Stefan","Maynard","45","fi","Fishing|Origami|Traveling|Piano"
"71b0dc5d-d664-4a30-bc00-eaacfee90b63","https://avatars.githubusercontent.com/u/78876843","Mohit","Scott","15","cz","Surfing|Painting|Birdwatching|Running|Cooking"
"50f062e9-e394-4b5a-999c-33a9c5d5fe90","https://cdn.jsdelivr.net/gh/faker-js/assets-person-portrait/female/512/42.jpg","Susan","Mitchell","1","es","Writing|Gaming|Chess|Swimming|Traveling|Cooking|Piano|Singing|Guitar|Skiing"
"43515b61-0275-44b5-94c7-311ea9a923f6","https://avatars.githubusercontent.com/u/33812255","Mary","Moriarty","47","ke","Traveling"
"169c2d75-63f0-4582-8b3e-276a41c4c74c","https://cdn.jsdelivr.net/gh/faker-js/assets-person-portrait/female/512/29.jpg","Stew","Johnsrud","55","es","Yoga|Origami"
"8e4ab836-0127-46ef-9568-624f1242c493","https://cdn.jsdelivr.net/gh/faker-js/assets-person-portrait/female/512/96.jpg","Sage","Martin","119","gb","Gaming|Hiking|Woodworking|Astronomy|Yoga|Traveling"
"56db5541-766a-4889-b30c-718583056d23","https://avatars.githubusercontent.com/u/74495737","Stephon","Mathews","50","us","Running"
"0438c7d4-ab4f-42f4-b222-b4d98a5baf06","https://avatars.githubusercontent.com/u/86905265","Jocelyn","Brown","119","fr","Dancing|Cooking|Surfing|Skiing|Calligraphy|Astronomy|Hiking|Origami"
"0714f89c-a747-4b4f-8d4d-d001a839c1c0","https://avatars.githubusercontent.com/u/21560081","Santino","Schubert","47","sa","Singing|Photography"
"129a2209-bf3d-47d1-b9c9-a935db132955","https://cdn.jsdelivr.net/gh/faker-js/assets-person-portrait/female/512/35.jpg","Sally","Johnstad","65","pk","Cycling|Astronomy|Traveling"
"91c1465c-aa91-47dc-b52d-dcb36eb273c7","https://cdn.jsdelivr.net/gh/faker-js/assets-person-portrait/male/512/12.jpg","Joaquin","Martinez","21","lk","Dancing|Pottery|Woodworking|Gardening|Birdwatching|Painting|Swimming|Gaming|Chess|Reading"
"6ec6c686-a105-401a-940b-3d6e974a6c2b","https://avatars.githubusercontent.com/u/42268554","Modena","Schultz","98","pl","Traveling|Woodworking|Photography|Singing|Camping|Hiking|Birdwatching|Knitting|Origami|Skiing"
"c516293a-627c-4058-8ec6-460f60a2d23b","https://avatars.githubusercontent.com/u/25890562","Stella","Smele","117","ar","Woodworking|Traveling|Reading|Gardening|Dancing"
"ced9fd77-316a-44bd-ab21-5658804add7d","https://avatars.githubusercontent.com/u/37592079","Richard","Mullis","81","kr",""
"49344bf7-1cc0-44c0-81d1-bb3af1e12ace","https://avatars.githubusercontent.com/u/26333762","Stella","Mullin","31","jp","Dancing"
"b59c8f29-4ccf-4bb6-b1d5-0939b7c7ec50","https://cdn.jsdelivr.net/gh/faker-js/assets-person-portrait/female/512/1.jpg","Mohan","Johny","77","au","Gaming|Writing|Reading|Singing|Traveling|Swimming|Skiing|Surfing"
"97aeeedf-14e2-4144-ba73-479078826089","https://avatars.githubusercontent.com/u/14192034","Thomas","Johansson","19","cz","Baking|Dancing|Astronomy|Surfing"
"88704bf7-f119-46bb-8459-5b2e55617d31","https://cdn.jsdelivr.net/gh/faker-js/assets-person-portrait/female/512/35.jpg","Margaret","Joekel","75","fr","Calligraphy|Yoga"
"cb31d976-d969-4f4b-81c8-c773eef3898f","https://avatars.githubusercontent.com/u/35288036","Moritz","Mileham","66","kr","Baking|Skiing|Cycling|Piano|Knitting"
"3776e543-13ba-4cc4-9332-ff79aa4ce7b3","https://cdn.jsdelivr.net/gh/faker-js/assets-person-portrait/male/512/20.jpg","Mortimer","Mason","21","lk","Painting|Gaming|Running"
"03f2bd17-558c-4f7d-84e4-5a2dfbcabb87","https://avatars.githubusercontent.com/u/39327593","Jonathan","Morrison","111","br","Origami|Camping|Calligraphy|Swimming|Cycling|Knitting|Gardening|Baking|Woodworking"
"30dc2bb5-3efd-42c8-9bbd-1912bbee6978","https://avatars.githubusercontent.com/u/241925","Steven","Mahone","30","jp","Singing|Swimming|Cooking"
"8370c565-5e83-4be5-917e-5cfb66b50ed6","https://avatars.githubusercontent.com/u/58091562","Jovan","Murphy","19","gr","Swimming|Singing|Hiking|Birdwatching|Dancing|Woodworking"
"28073c32-3edb-4532-a799-a51be5767595","https://cdn.jsdelivr.net/gh/faker-js/assets-person-portrait/female/512/71.jpg","William","Jackson","88","dk","Gaming|Photography|Camping|Cycling|Skiing|Hiking|Astronomy"
"fb6b7992-5e57-40ba-b49e-0b61bfd75a0a","https://avatars.githubusercontent.com/u/98283235","Sadie","Smele","30","dk","Singing|Astronomy|Baking|Photography|Skiing|Cycling|Guitar|Calligraphy|Reading"
"b970d6bf-9e93-4298-89cc-795a1e313d20","https://cdn.jsdelivr.net/gh/faker-js/assets-person-portrait/male/512/2.jpg","Stanley","Munsch","30","ch","Origami"
"2bbee0a0-301b-4d1f-80b8-b67f5b996028","https://cdn.jsdelivr.net/gh/faker-js/assets-person-portrait/female/512/22.jpg","Sanford","Schaefer","119","my","Fishing|Birdwatching|Hiking|Chess|Dancing"
"febeb410-d7f6-4302-aed3-91cbd8e0429d","https://cdn.jsdelivr.net/gh/faker-js/assets-person-portrait/female/512/46.jpg","Stephon","Smelski","45","pt","Origami|Reading|Chess"
"92f54e55-9262-47d6-8cc6-5a68def8efc1","https://avatars.githubusercontent.com/u/62681006","Sadie","Moran","104","ke","Chess|Surfing|Calligraphy|Writing|Pottery|Birdwatching"
"b219b171-a116-44f1-9a20-7f48eae78568","https://avatars.githubusercontent.com/u/14741127","Saundra","Muse","80","au","Reading|Guitar"
"443fe593-6471-4dde-84f1-64735c72d882","https://cdn.jsdelivr.net/gh/faker-js/assets-person-portrait/male/512/43.jpg","Modena","Hernandez","100","vn","Swimming|Surfing|Gardening|Knitting|Pottery|Gaming|Chess|Cycling"
"df127ead-96e4-49b5-bfd0-9932d27364e3","https://avatars.githubusercontent.com/u/39597578","Joelson","Martin","51","ca","Calligraphy|Traveling|Singing|Pottery|Hiking|Origami|Gaming|Writing|Baking|Running"
"e65b18d7-7fd5-47aa-acd2-337dac760b84","https://cdn.jsdelivr.net/gh/faker-js/assets-person-portrait/male/512/3.jpg","Santos","Jackson","45","lk","Reading|Gaming|Astronomy"
"a0a58755-c0bf-4937-b277-27ee2b7253e6","https://cdn.jsdelivr.net/gh/faker-js/assets-person-portrait/female/512/0.jpg","Mohamed","Schafer","4","mx","Swimming|Astronomy|Singing|Skiing"
"af887210-e4f6-439c-9c74-6ae5055fd98a","https://cdn.jsdelivr.net/gh/faker-js/assets-person-portrait/female/512/0.jpg","Monique","Schunk","118","za","Astronomy|Photography|Dancing|Woodworking|Calligraphy"
"331a4b56-445b-4656-8f43-471e88c8db38","https://cdn.jsdelivr.net/gh/faker-js/assets-person-portrait/male/512/50.jpg","Jonah","Smathurst","96","vn","Astronomy|Baking|Calligraphy|Woodworking|Birdwatching"
"4386fcf8-90bc-4823-bfbc-9ffee5ac8248","https://cdn.jsdelivr.net/gh/faker-js/assets-person-portrait/female/512/87.jpg","Joaquin","Milton","81","de","Yoga"
"ba409985-a5c8-4092-bf05-790e8f6ff4b6","https://cdn.jsdelivr.net/gh/faker-js/assets-person-portrait/male/512/1.jpg","Linda","Morgan","14","jp","Pottery"
"32b0f7ea-56d8-452d-a008-96509d497f31","https://avatars.githubusercontent.com/u/99049327","Josey","Mills","43","jp",""
"17a1f93d-de85-46fc-8c41-63de81b3519c","https://avatars.githubusercontent.com/u/52889557","Linda","Smelt","13","es","Knitting"
"6f8a8f68-fd0a-44fc-b8ab-efe51868cf23","https://cdn.jsdelivr.net/gh/faker-js/assets-person-portrait/female/512/35.jpg","James","Smele","110","at",""
"49f96b71-26d8-469d-a0f5-5a84eef1e42e","https://avatars.githubusercontent.com/u/40909483","Sadie","Milstein","24","za","Yoga|Swimming|Singing|Pottery|Hiking|Running|Astronomy|Surfing"
"514bd1b4-4aa0-4c11-8b78-95293cba0cb9","https://cdn.jsdelivr.net/gh/faker-js/assets-person-portrait/male/512/8.jpg","Mohan","Schulze","116","za","Astronomy|Singing|Calligraphy|Camping|Dancing|Guitar|Skiing|Baking|Running"
"77d66823-3ace-4a09-b80b-6a58acd3e706","https://cdn.jsdelivr.net/gh/faker-js/assets-person-portrait/male/512/35.jpg","Sander","Schall","42","ua","Camping|Traveling"
"8e15f111-3bb5-4e9b-9865-c40be05f1743","https://avatars.githubusercontent.com/u/90618910","Santino","Hernandez","75","ru","Gardening|Yoga"
"8e200866-4eee-4f7c-882e-b60581aa2df3","https://avatars.githubusercontent.com/u/67602172","Sara","Maher","16","ng","Guitar|Running|Fishing|Dancing|Skiing|Traveling|Swimming"
"070a32e3-f35b-4cff-b050-617a09b9d2e9","https://avatars.githubusercontent.com/u/99406991","Patricia","Johndrow","32","gb","Gaming|Gardening|Astronomy|Cycling|Photography|Origami|Camping|Guitar|Woodworking|Swimming"
"b2f2c8fb-6957-44ae-ad7b-12e21950718d","https://cdn.jsdelivr.net/gh/faker-js/assets-person-portrait/male/512/35.jpg","Stewart","Smith","84","cz","Woodworking|Yoga|Piano|Camping|Guitar|Photography|Running|Painting|Calligraphy"
"be63c493-9b09-4156-9c4a-69de195f55e6","https://avatars.githubusercontent.com/u/45671467","Stephen","Moreau","118","es",""
"f3de63e1-16a9-40b1-86ff-83f6a4fabc97","https://avatars.githubusercontent.com/u/89062041","Jolene","Clark","9","id","Camping|Singing|Birdwatching|Writing|Pottery|Surfing|Piano|Photography|Gaming|Origami"
"0195de8e-f75c-4c20-819c-eb215d08b82e","https://cdn.jsdelivr.net/gh/faker-js/assets-person-portrait/male/512/4.jpg","Santino","Mileham","0","nl","Woodworking|Calligraphy|Chess|Baking|Origami|Swimming"
"934ecc43-661a-4843-935e-5651cfdb0831","https://avatars.githubusercontent.com/u/85268668","Joris","Morgan","52","ie","Camping|Swimming|Reading"
"af99f347-ea03-4b9f-93dc-d15e6a6825d8","https://cdn.jsdelivr.net/gh/faker-js/assets-person-portrait/male/512/64.jpg","Patricia","Munchel","117","mx","Hiking|Piano|Pottery|Swimming|Writing"
"a194edaa-7b70-423e-a443-41abb28bec6b","https://cdn.jsdelivr.net/gh/faker-js/assets-person-portrait/female/512/25.jpg","Jonah","Schuman","29","dk","Knitting|Swimming|Running|Gaming|Yoga"
"27cf602a-3af4-4684-b775-a0be61b983dd","https://cdn.jsdelivr.net/gh/faker-js/assets-person-portrait/female/512/14.jpg","Savanna","Musselman","120","sa","Surfing|Reading|Skiing|Dancing|Birdwatching|Fishing|Pottery"
"5e76d1cf-7de4-485f-be0b-864993f9999f","https://cdn.jsdelivr.net/gh/faker-js/assets-person-portrait/female/512/13.jpg","William","Schuster","81","nl","Painting|Gaming|Pottery|Singing|Guitar|Camping|Astronomy|Photography"
"0727d039-003c-4405-ad71-7291820f90fa","https://avatars.githubusercontent.com/u/44510499","Jonathan","Miley","4","gr","Writing|Piano|Singing|Surfing|Calligraphy|Traveling"
"e4f03171-2d5c-4ea6-b994-21d608c7b416","https://cdn.jsdelivr.net/gh/faker-js/assets-person-portrait/female/512/15.jpg","Stefano","Smola","52","ae","Gardening"
"974d4ec0-b510-4369-9609-a6cc64eb1939","https://cdn.jsdelivr.net/gh/faker-js/assets-person-portrait/male/512/49.jpg","Joanne","Martin","74","pk","Woodworking|Knitting|Hiking"
"b89c8c89-def6-47cf-960b-c9d434df7eba","https://avatars.githubusercontent.com/u/57416322","Patricia","Jones","87","us","Surfing|Skiing|Running|Guitar|Hiking|Gaming|Reading|Birdwatching|Piano|Painting"
"1ceb1a59-3392-40c8-9af6-dc2f016afc16","https://avatars.githubusercontent.com/u/33855776","Stephens","Johnsteen","92","ua","Fishing|Running|Surfing|Origami|Reading|Traveling|Cycling"
"a1d7d430-a6e7-4562-b3dd-37993ecd4fc3","https://cdn.jsdelivr.net/gh/faker-js/assets-person-portrait/female/512/49.jpg","Morton","Schalk","42","cz",""
"5c6167b3-40f4-4313-83c6-01af3685a287","https://avatars.githubusercontent.com/u/11215125","Moira","Milton","43","bd","Surfing|Gardening|Traveling|Writing|Pottery"
"619615c5-94c4-4099-8b07-01ca90470543","https://avatars.githubusercontent.com/u/46376483","Steve","Schall","32","mx","Running|Swimming|Dancing"
"9b4f2f6c-5748-4688-aaa5-f6cb6d2999f6","https://cdn.jsdelivr.net/gh/faker-js/assets-person-portrait/male/512/62.jpg","Morgan","Mahan","100","sa","Photography|Painting|Yoga|Baking|Fishing|Hiking"
"fa6f3199-8f15-43cd-a2d6-b6032d70a367","https://cdn.jsdelivr.net/gh/faker-js/assets-person-portrait/female/512/84.jpg","Stephen","Morrison","73","il","Woodworking|Calligraphy|Singing|Gaming|Writing|Knitting|Dancing"
"a428d9d3-3509-4c2f-9849-6e907391081d","https://cdn.jsdelivr.net/gh/faker-js/assets-person-portrait/female/512/36.jpg","Sara","Mullen","119","my","Traveling|Guitar"
"3c8b837c-0ad1-429a-8560-3a587e462f51","https://avatars.githubusercontent.com/u/72607330","Mohit","Manson","41","at","Baking|Running|Singing|Birdwatching|Camping|Swimming|Gaming|Piano"
"54680e49-de76-48d2-b0a2-826e0e7ab5bf","https://cdn.jsdelivr.net/gh/faker-js/assets-person-portrait/female/512/40.jpg","David","Johansson","79","ua","Painting|Cooking|Surfing|Cycling|Traveling"
"3584ba72-e8a5-4067-81b6-d009d14d5299","https://cdn.jsdelivr.net/gh/faker-js/assets-person-portrait/female/512/68.jpg","Linda","Morrison","102","us","Swimming|Fishing|Painting|Cycling|Photography|Pottery|Woodworking|Cooking|Baking|Writing"
"9c9b8252-eed3-4597-949d-59322ee1e2ae","https://avatars.githubusercontent.com/u/58778758","Mohamed","Morar","52","at","Swimming|Dancing|Astronomy|Skiing|Photography|Singing|Baking|Pottery"
"4a746058-7418-4714-9d0f-def59d707804","https://cdn.jsdelivr.net/gh/faker-js/assets-person-portrait/male/512/24.jpg","Mordecai","Johansson","83","pt","Origami|Piano|Swimming|Calligraphy|Birdwatching"
"7dce1ce2-b4eb-409b-b2f1-f17e0f0287e4","https://avatars.githubusercontent.com/u/3575578","Saveria","Mahone","20","nz","Origami|Painting|Writing|Yoga"
"8e011d16-a296-4553-9166-f8f5f94e0680","https://avatars.githubusercontent.com/u/73251129","Sarah","Morar","31","it","Running|Photography|Pottery|Baking|Chess|Singing|Knitting|Cooking|Woodworking"
"0082dbe6-8816-4437-84bd-04e6407150a4","https://cdn.jsdelivr.net/gh/faker-js/assets-person-portrait/male/512/35.jpg","Joel","Jones","114","sg","Gaming|Woodworking|Pottery|Camping|Guitar|Hiking"
"9d53430c-9257-48de-8d38-1a2c48df5337","https://cdn.jsdelivr.net/gh/faker-js/assets-person-portrait/male/512/76.jpg","Jovan","Brown","118","at","Gardening|Guitar|Fishing|Painting|Dancing|Camping"
"26030c86-bc54-40f3-b336-5cc4b51abfbc","https://cdn.jsdelivr.net/gh/faker-js/assets-person-portrait/male/512/39.jpg","Mohamed","Morris","50","ca","Calligraphy|Origami|Swimming|Baking|Reading|Birdwatching|Pottery|Gaming"
"19642d3d-bf9e-4165-8883-4dc7befe5d0b","https://avatars.githubusercontent.com/u/86247890","Santino","Anderson","38","pl",""
"17fa6349-e9ee-4d92-be8c-c661262a6acd","https://cdn.jsdelivr.net/gh/faker-js/assets-person-portrait/female/512/12.jpg","Joris","Miller","25","lk","Dancing|Pottery|Surfing|Hiking|Piano|Fishing"
"b628b582-8e76-4648-b90d-754b042a1137","https://avatars.githubusercontent.com/u/40391000","Sara","Smathurst","18","au","Gardening|Baking|Origami|Fishing|Chess|Hiking"
"75063c64-2b55-496e-bbf3-1a9766171ef1","https://avatars.githubusercontent.com/u/77985484","Elizabeth","Clark","115","fi","Pottery|Woodworking"
"228be238-acca-470d-8a88-cf51130f723c","https://avatars.githubusercontent.com/u/34515530","Joaquin","Magnavox","84","at","Calligraphy|Dancing|Photography|Hiking"
"5d63f8b0-ffdd-44f0-9bc6-9c8b4bb5dfea","https://avatars.githubusercontent.com/u/57511073","Joseph","Morar","12","no","Surfing|Camping|Gaming|Guitar|Writing|Painting|Knitting"
"3fc9efd8-0721-488a-afb4-1f4350f6dc02","https://avatars.githubusercontent.com/u/10954560","Jolene","Smith","9","sg","Singing|Pottery|Fishing|Origami|Reading|Dancing|Swimming|Writing|Traveling"
"4d7c6920-ccd8-4e15-b32a-62673bc56b80","https://cdn.jsdelivr.net/gh/faker-js/assets-person-portrait/female/512/43.jpg","Stella","Schunk","85","pt","Photography|Camping|Yoga|Surfing|Fishing|Baking|Origami"
"c33a6bdb-3956-49e7-a525-a33238bdea3d","https://avatars.githubusercontent.com/u/45106212","Mortimer","Milford","7","ke","Skiing"
"7d8f9493-ae24-40f5-b498-2e9c36069a46","https://cdn.jsdelivr.net/gh/faker-js/assets-person-portrait/male/512/65.jpg","Moritz","Johny","74","my","Photography|Astronomy|Painting|Chess|Knitting|Swimming|Reading|Singing|Gaming"
"8abef7cc-9071-4443-b2be-99ea5f837452","https://avatars.githubusercontent.com/u/93908575","James","Moretti","12","de","Pottery"
"5a48aad1-a16a-496d-9e11-a74fd9e0d208","https://avatars.githubusercontent.com/u/6610667","Stewart","Morhardt","6","pk","Painting|Yoga|Piano|Origami"
"e909a140-bf8e-4ef8-bd86-582d64157139","https://avatars.githubusercontent.com/u/91078004","Stella","Morhardt","14","se","Dancing|Knitting|Calligraphy|Fishing|Reading|Skiing"
"24176425-0142-4599-879e-f58ed594a9b8","https://cdn.jsdelivr.net/gh/faker-js/assets-person-portrait/male/512/87.jpg","Jolene","Matthews","89","nl","Guitar"
"b7f0ff77-e77a-4aa0-b68f-b7856d244627","https://cdn.jsdelivr.net/gh/faker-js/assets-person-portrait/female/512/44.jpg","Samantha","Schafer","72","ua","Baking|Camping|Surfing|Piano|Chess|Hiking|Skiing|Knitting|Traveling"
"f6195fbf-0ba6-4917-a52d-ace6cfd42da2","https://cdn.jsdelivr.net/gh/faker-js/assets-person-portrait/female/512/41.jpg","Jennifer","Smelski","6","dk","Guitar|Camping|Birdwatching|Dancing|Calligraphy|Pottery"
"1a8eda8e-79de-45f6-956a-f215680c3186","https://cdn.jsdelivr.net/gh/faker-js/assets-person-portrait/female/512/53.jpg","Sage","Smells","57","gr","Gardening|Skiing|Fishing|Origami|Surfing|Dancing|Pottery|Singing"
"d3c23d95-c25d-42f6-9803-5858ed50c121","https://avatars.githubusercontent.com/u/87722320","Stephane","Moore","69","de",""
"ac0577c6-bf05-426a-9624-7eef0bcf182d","https://cdn.jsdelivr.net/gh/faker-js/assets-person-portrait/female/512/9.jpg","Sara","Johl","107","my","Chess|Astronomy|Knitting|Traveling"
"f72dd169-1e07-47ba-bd43-8ab2f647b27c","https://avatars.githubusercontent.com/u/92148144","Jonathon","Smallwood","25","mx","Hiking|Traveling|Knitting|Camping|Woodworking|Origami|Pottery"
"8753702f-7bdb-4b83-83ee-e8bcccfe6579","https://avatars.githubusercontent.com/u/27405885","Sage","Mahone","98","ae","Swimming|Surfing|Singing"
"92d77700-ca85-41fd-a706-f0be70a8b3f2","https://avatars.githubusercontent.com/u/82377684","Joshua","Johanis","29","za","Cycling|Skiing|Reading"
"a8499bc0-1415-4afc-b4c8-088ccc07755e","https://cdn.jsdelivr.net/gh/faker-js/assets-person-portrait/female/512/31.jpg","Samson","Hernandez","2","jp","Yoga|Swimming|Skiing"
"f6a1f3f5-4467-45a1-af48-b03851d82901","https://avatars.githubusercontent.com/u/22521204","Stefan","Smells","3","ca","Swimming|Calligraphy"
"192688a0-6376-4a69-9f61-a0432b5f9b03","https://avatars.githubusercontent.com/u/19211043","Jolene","Mullan","65","ru",""
"7bfdceb4-0cb1-4961-aa30-3e206d0f340d","https://avatars.githubusercontent.com/u/92925384","Savina","Johnstad","33","de","Running|Singing|Chess|Cooking"
"7885ca4c-c7c7-4dd5-aa51-61a5d9ed9856","https://avatars.githubusercontent.com/u/30855834","Modesto","Smathers","32","de","Reading|Baking|Astronomy|Singing|Calligraphy|Surfing|Birdwatching"
"07e63c59-e037-4040-b714-8df1af37403c","https://cdn.jsdelivr.net/gh/faker-js/assets-person-portrait/female/512/49.jpg","Sanford","Morales","98","co","Origami|Painting"
"123f35d1-826a-4628-bf95-6558744a8f93","https://cdn.jsdelivr.net/gh/faker-js/assets-person-portrait/male/512/3.jpg","Steffen","Mumm","81","my","Cooking|Chess|Cycling"
"017e9b56-07f1-4f0f-bc51-b944e02178fb","https://cdn.jsdelivr.net/gh/faker-js/assets-person-portrait/male/512/30.jpg","Morris","Murray","26","ch","Cycling|Origami|Reading|Pottery|Knitting|Dancing"
"f5e9b915-9481-427d-a3f0-4b645a4c8ff8","https://cdn.jsdelivr.net/gh/faker-js/assets-person-portrait/male/512/13.jpg","Mona","Johnstad","7","au","Piano|Fishing|Baking"
"dcf8338f-4408-459b-b354-c492fa7bfc9e","https://avatars.githubusercontent.com/u/35312966","Stefanell","Schaffner","82","za","Baking"
"5c1f6b02-b10c-49fc-8f83-70858f06348f","https://avatars.githubusercontent.com/u/25278818","Stew","Joekel","46","ke","Birdwatching|Gardening|Traveling|Painting|Writing|Reading|Fishing"
"f4ea8dcd-2a54-4856-82a7-7d57515f6bdb","https://avatars.githubusercontent.com/u/45317930","Stefanie","Smalls","68","br","Gardening"
"82b53352-612b-49bf-8d8e-88c28121cd3a","https://cdn.jsdelivr.net/gh/faker-js/assets-person-portrait/male/512/27.jpg","Joaquin","Milstein","3","za","Guitar|Hiking|Writing|Swimming|Piano"
"b07cfb58-d0ca-49ee-b040-79d873bc9e4e","https://cdn.jsdelivr.net/gh/faker-js/assets-person-portrait/male/512/0.jpg","Santos","Schultz","48","co","Reading|Running|Cycling"
"d999bbe6-57cb-4ee7-a62e-84643f23effd","https://cdn.jsdelivr.net/gh/faker-js/assets-person-portrait/male/512/47.jpg","Stéphane","Mahoney","113","nl","Surfing|Skiing|Cycling|Astronomy|Cooking|Singing|Swimming|Piano"
"78a0795d-2b89-441b-a2ba-e5cd035022f3","https://cdn.jsdelivr.net/gh/faker-js/assets-person-portrait/female/512/13.jpg","Stefan","Jones","85","es","Calligraphy"
"cedb8fc0-bc92-44f0-8aa1-ffee5a957537","https://cdn.jsdelivr.net/gh/faker-js/assets-person-portrait/female/512/27.jpg","Robert","Smock","100","pt","Hiking|Calligraphy|Photography|Yoga|Swimming|Camping"
"c1de6d47-700a-4690-b28a-0294eaaa0f59","https://avatars.githubusercontent.com/u/76432654","Samson","Milstead","97","gr","Photography|Astronomy|Camping"
"1d3bf786-1f1c-4b66-9515-991b47ec2e38","https://cdn.jsdelivr.net/gh/faker-js/assets-person-portrait/female/512/89.jpg","Jocelyn","Mahmood","98","in",""
"3b44db5b-a81a-4cf9-8628-4f100e7230f2","https://avatars.githubusercontent.com/u/62927975","Sanford","Clark","24","se","Baking|Yoga|Hiking|Singing|Origami|Astronomy|Camping|Gaming|Traveling|Pottery"
"e6822433-6c34-48b9-9ad0-fd6dc467456f","https://cdn.jsdelivr.net/gh/faker-js/assets-person-portrait/male/512/81.jpg","Michael","Milstead","114","gr","Running|Fishing|Yoga"
"8a4490e9-02bf-4c6f-900d-c501c69e5b20","https://avatars.githubusercontent.com/u/39847324","Santino","Smathers","77","ae","Swimming|Singing"
"5b1e5fa0-3a7a-485c-b04d-a2cab4085d0e","https://avatars.githubusercontent.com/u/90913867","Stefan","Milton","44","pe","Guitar|Woodworking|Traveling|Swimming|Painting"
"b094d1ac-ef6f-4ff8-8454-88546831ab8c","https://avatars.githubusercontent.com/u/86837168","Stéphane","Mullins","81","cl","Yoga|Dancing|Baking|Swimming|Guitar|Singing"
"b8ac4c38-c5ae-44d6-b007-780ce2f467de","https://cdn.jsdelivr.net/gh/faker-js/assets-person-portrait/female/512/54.jpg","James","Johnson","102","pk","Woodworking|Photography|Pottery|Writing|Gardening"
"4dcc82a4-9883-4609-a6e3-9ee99583ce62","https://avatars.githubusercontent.com/u/22431599","Joshua","Robinson","34","ng","Camping|Cycling|Swimming|Writing|Painting"
"cee47285-c5f3-4784-9d50-edf2bd7800ec","https://avatars.githubusercontent.com/u/92171839","Mordecai","Martin","45","ru","Baking|Singing|Writing|Painting|Woodworking|Yoga|Birdwatching|Dancing|Camping|Fishing"
"f47409d6-2a7e-4042-998e-e4762ba19074","https://cdn.jsdelivr.net/gh/faker-js/assets-person-portrait/female/512/18.jpg","Jennifer","Taylor","60","cl","Camping|Skiing|Guitar|Calligraphy|Gardening|Hiking"
"f8678032-4bc4-43fb-a0d0-6b5f120d2562","https://cdn.jsdelivr.net/gh/faker-js/assets-person-portrait/female/512/4.jpg","Stefanell","Magnavox","29","in",""
"ced89850-592d-4e1d-b54b-c4cbc0bf5be8","https://cdn.jsdelivr.net/gh/faker-js/assets-person-portrait/female/512/82.jpg","Joseph","Schmidt","69","gb","Cooking"
"eba8d450-4eeb-45fb-83c0-d584c9388cf0","https://avatars.githubusercontent.com/u/30334886","Stephania","Smolley","88","ie","Guitar|Pottery|Birdwatching"
"33db1317-0753-46cf-bf63-4a114456238d","https://avatars.githubusercontent.com/u/69936208","Susan","Martinez","71","be","Surfing"
"91f93770-200d-4b5e-9fee-043cb1ea7e0d","https://cdn.jsdelivr.net/gh/faker-js/assets-person-portrait/female/512/10.jpg","Elizabeth","Mahoney","119","de","Birdwatching|Gaming"
"18905300-c811-4ac7-be7a-98d514773068","https://cdn.jsdelivr.net/gh/faker-js/assets-person-portrait/female/512/88.jpg","Savage","Mork","93","it","Surfing|Baking|Reading|Calligraphy|Pottery"
"9d8b69d7-e165-4127-9873-6e74ff080d36","https://avatars.githubusercontent.com/u/74618382","Jocelyn","Johannsen","31","ar","Singing|Gardening|Calligraphy"
"1920160d-7e64-4a62-a686-d7688912d812","https://avatars.githubusercontent.com/u/86211662","Jonathan","Jackson","34","ae","Painting"
"086f0bcc-bdc5-452a-9e3f-70ec4c6f3a58","https://cdn.jsdelivr.net/gh/faker-js/assets-person-portrait/female/512/38.jpg","Joseph","Manson","25","br","Guitar|Gaming|Chess|Dancing|Singing|Writing"
"0e565084-47d2-4fff-8d29-0d81a0445fac","https://cdn.jsdelivr.net/gh/faker-js/assets-person-portrait/male/512/22.jpg","Savanna","Schulze","49","za","Guitar"
"ef4dcdee-d114-4f51-9d40-619bc1ca3b82","https://avatars.githubusercontent.com/u/58860605","Stephen","Munday","84","eg","Astronomy"
"2e9d3829-5a12-4811-8a24-d469b19ac8d8","https://avatars.githubusercontent.com/u/24289166","Steffen","Martinez","41","gb","Astronomy|Singing|Traveling|Guitar|Cooking|Knitting|Baking|Gardening|Surfing"
"ceed7077-7141-433f-9488-57ba5d462610","https://avatars.githubusercontent.com/u/68096507","Savage","Mork","84","fr","Camping|Surfing|Woodworking|Guitar"
"0ebce471-b421-42f6-91e5-dc827aea1077","https://avatars.githubusercontent.com/u/6473857","Susan","Schumann","70","pt","Astronomy|Running|Woodworking|Fishing|Gardening"
"1e4175eb-172f-4d05-864c-7003956d89bd","https://avatars.githubusercontent.com/u/97585454","Mordecai","Mahabir","94","es","Chess|Photography|Camping|Dancing|Knitting|Fishing|Writing|Piano"
"8a4c7e68-0895-47ce-aff4-322e292ab4d2","https://cdn.jsdelivr.net/gh/faker-js/assets-person-portrait/female/512/81.jpg","Joris","Moran","72","pl","Surfing|Skiing|Camping|Calligraphy"
"32ae060d-305c-4b07-93e2-c097ca094698","https://cdn.jsdelivr.net/gh/faker-js/assets-person-portrait/female/512/96.jpg","Samantha","Miller","108","ke","Knitting|Camping|Painting|Woodworking|Surfing|Cooking|Singing|Cycling|Traveling"
"c381d354-8ad7-492d-a01c-cd6aea759750","https://cdn.jsdelivr.net/gh/faker-js/assets-person-portrait/male/512/28.jpg","Daniel","Schuster","118","ae","Pottery|Piano|Cooking|Swimming|Knitting"
"cfbf4536-2507-41df-93ed-abcd0866a4d8","https://cdn.jsdelivr.net/gh/faker-js/assets-person-portrait/female/512/55.jpg","Joellen","Manson","85","cn","Cooking|Camping|Calligraphy"
"0f8ad5cf-76dd-438a-87a0-62cfcdafd093","https://cdn.jsdelivr.net/gh/faker-js/assets-person-portrait/male/512/54.jpg","Steven","Martin","91","cn","Yoga|Singing|Cycling|Dancing|Reading"
"d37318b7-0585-4ecc-b70c-a1ca7d80f01f","https://cdn.jsdelivr.net/gh/faker-js/assets-person-portrait/female/512/90.jpg","Montserrat","Schunk","18","pt","Baking|Writing"
"8682cc29-1f5d-4c94-918e-fdfe742a4f1e","https://avatars.githubusercontent.com/u/25116144","Molly","Smolinski","111","cz","Woodworking|Reading|Gaming|Cycling|Swimming|Dancing|Origami|Calligraphy"
"54e78bdf-a357-4e98-bc37-b514402fd3a5","https://avatars.githubusercontent.com/u/69430678","Sanford","Morrison","38","sa","Surfing|Chess|Woodworking|Guitar|Gardening|Piano|Traveling"
"6c0bd552-3d50-4a1e-8431-262f217eb097","https://avatars.githubusercontent.com/u/16645134","Joseph","Schall","24","eg","Singing|Fishing|Piano|Knitting"
"40dd8661-33c8-40c8-a59f-19b407147abc","https://cdn.jsdelivr.net/gh/faker-js/assets-person-portrait/male/512/39.jpg","Sadie","Mueller","92","pe","Origami|Painting|Woodworking|Chess|Dancing"
"596097e6-a50f-4ecf-abde-629abdcd2601","https://avatars.githubusercontent.com/u/37954827","James","Murray","29","br","Baking|Calligraphy|Skiing|Birdwatching|Astronomy|Hiking|Traveling|Camping"
"02be1939-cd29-4cdd-9a26-024caf325826","https://cdn.jsdelivr.net/gh/faker-js/assets-person-portrait/male/512/26.jpg","Santos","Schaffrath","114","ph","Traveling|Calligraphy|Photography|Singing"
"5ec2fd6b-2007-4e28-8aa4-f1c01d3d2385","https://cdn.jsdelivr.net/gh/faker-js/assets-person-portrait/male/512/64.jpg","Sadie","Moreau","66","pk","Origami|Surfing|Chess|Yoga|Reading|Gardening|Pottery|Calligraphy|Singing"
"606c11d7-fff5-41ce-b9be-669eef7c94ae","https://cdn.jsdelivr.net/gh/faker-js/assets-person-portrait/male/512/11.jpg","Patricia","Johl","61","fi","Photography|Piano|Skiing|Singing|Camping|Birdwatching|Cooking|Yoga|Reading|Gaming"
"297ed2f4-57fc-463e-aba9-7a4717c1d1f0","https://cdn.jsdelivr.net/gh/faker-js/assets-person-portrait/male/512/16.jpg","William","Williams","40","in","Piano|Yoga|Skiing|Traveling|Surfing|Cycling|Pottery"
"65f1f051-cb4b-4b3e-b343-731a28275482","https://cdn.jsdelivr.net/gh/faker-js/assets-person-portrait/female/512/23.jpg","Joel","Morin","106","no","Cycling|Reading|Yoga|Swimming|Fishing|Guitar|Pottery|Astronomy"
"36a0f2a8-509e-45f8-b408-e367d2cb8b80","https://avatars.githubusercontent.com/u/61574517","Joanne","Munday","102","pt","Cycling|Birdwatching|Astronomy"
"2d32d089-3cea-4a3a-8e75-d15ee727824f","https://cdn.jsdelivr.net/gh/faker-js/assets-person-portrait/female/512/50.jpg","Linda","Mileham","23","mx","Singing|Cycling|Woodworking|Reading|Birdwatching|Astronomy|Running|Piano|Gardening|Writing"
"919e6194-d985-4667-8f9a-573eb865250d","https://avatars.githubusercontent.com/u/93533753","Jody","Minton","92","us","Gardening|Dancing|Painting|Cooking"
"9b1ddf64-51e4-4fd8-a396-390193971c6a","https://avatars.githubusercontent.com/u/45186573","Saveria","Schunk","27","fr",""
"7a7754da-40f0-48a6-830a-93ea7043dc86","https://cdn.jsdelivr.net/gh/faker-js/assets-person-portrait/male/512/98.jpg","Savasana","Martin","5","ng","Surfing|Pottery|Dancing|Yoga|Swimming|Cooking|Origami"
"e06bb0e0-83cc-4091-98d8-5c374000a2c8","https://cdn.jsdelivr.net/gh/faker-js/assets-person-portrait/male/512/84.jpg","Monica","Murray","90","fi","Skiing|Gaming"
"1d09eb23-be58-4c16-928f-e430e244025a","https://avatars.githubusercontent.com/u/98714691","Sage","Johnstone","3","at","Swimming|Gardening|Woodworking"
"6b9f89a1-4a76-462a-8bb1-fa742a3064f6","https://avatars.githubusercontent.com/u/96954592","Stefanie","Minton","6","gr","Surfing|Knitting|Calligraphy"
"7c460925-d65d-4cd8-9abe-e7ba1c0037f6","https://avatars.githubusercontent.com/u/10738282","Stewart","Minter","4","th","Pottery|Swimming|Camping|Traveling|Chess"
"c4adb40d-a866-45ef-b738-691256ac24ff","https://cdn.jsdelivr.net/gh/faker-js/assets-person-portrait/male/512/99.jpg","Joanna","Matheson","28","ua","Painting|Chess|Running|Singing|Writing"
"11c7ce7b-271a-43d5-a1e6-74dec832c352","https://avatars.githubusercontent.com/u/16620661","Stefan","Johansen","101","gr","Calligraphy|Knitting|Dancing|Gardening|Reading|Cooking|Skiing|Chess|Cycling|Photography"
"bdd56c4c-87c7-4106-a0d3-7127c4b65be8","https://avatars.githubusercontent.com/u/73613910","Jonathon","Morlock","65","gb","Surfing|Cooking|Woodworking|Singing|Writing|Painting|Guitar|Swimming|Knitting|Baking"
"75f67dea-697f-4b57-bc2e-baa1a55b3f13","https://cdn.jsdelivr.net/gh/faker-js/assets-person-portrait/male/512/41.jpg","Thomas","Morg","27","ke","Running|Fishing|Pottery"
"6a3a27fd-de21-466d-849e-39aabfe5c0fd","https://cdn.jsdelivr.net/gh/faker-js/assets-person-portrait/female/512/23.jpg","Steffen","Schuster","66","cn","Knitting|Swimming|Reading"
"19ccbfa0-e6c9-49a5-bb2e-4f4d587e3cd1","https://cdn.jsdelivr.net/gh/faker-js/assets-person-portrait/male/512/44.jpg","Daniel","Minton","99","mx","Cooking|Painting|Guitar|Yoga|Gardening|Astronomy"
"7a157c31-7545-44de-b14d-730e6d6a3286","https://cdn.jsdelivr.net/gh/faker-js/assets-person-portrait/male/512/47.jpg","Savage","Morello","102","kr","Skiing|Woodworking|Piano|Photography|Traveling|Cooking|Camping"
"da765a51-d492-4beb-b990-c04aab41b1ea","https://avatars.githubusercontent.com/u/43204068","Stefanell","Young","73","th","Hiking|Pottery|Piano|Camping|Baking|Gardening"
"34401307-4933-40c1-824f-acc672559b7d","https://avatars.githubusercontent.com/u/90685522","Sara","Muller","110","de","Piano|Cooking|Birdwatching"
"b6217056-adb1-46d4-b977-5e91771c4a12","https://avatars.githubusercontent.com/u/71451304","David","Schafer","2","br","Yoga|Camping|Fishing|Skiing|Dancing|Calligraphy|Gaming|Pottery"
"7efb8593-e7a6-4588-8106-b938b7e17656","https://avatars.githubusercontent.com/u/77834587","Jocelyn","Taylor","61","be","Calligraphy|Origami|Astronomy|Gaming|Singing|Woodworking|Reading|Guitar"
"522b021c-ad0d-484b-a0cb-7df1b832e02e","https://avatars.githubusercontent.com/u/6290747","Robert","Moretti","114","cl","Baking|Knitting|Fishing|Painting|Traveling|Swimming"
"a7c6af86-3191-4a05-ba23-25a7bb955741","https://cdn.jsdelivr.net/gh/faker-js/assets-person-portrait/female/512/64.jpg","Morton","Morlock","58","cz","Fishing|Cycling|Surfing|Birdwatching|Gaming|Gardening|Baking|Painting|Traveling|Knitting"
"50854d9e-2b73-4501-8217-06b85c418b44","https://cdn.jsdelivr.net/gh/faker-js/assets-person-portrait/female/512/69.jpg","Daniel","Smele","12","dk","Gaming|Writing"
"4c28ee6b-d778-497c-b0f1-e4f61610ff42","https://cdn.jsdelivr.net/gh/faker-js/assets-person-portrait/male/512/53.jpg","Sandra","Smeltzer","1","my",""
"c336d49f-22e0-4fb1-88fe-a45b366bfa9a","https://avatars.githubusercontent.com/u/21973502","Joseph","Maynard","114","my","Fishing|Gaming|Photography|Cooking|Pottery|Skiing|Yoga|Cycling"
"21c663f2-640c-411d-8394-3ea8a4bb1a6d","https://avatars.githubusercontent.com/u/38351861","Monica","Williams","37","be","Chess|Birdwatching|Dancing"
"35ea1a8b-b715-426a-a9e7-de95b275fa0c","https://avatars.githubusercontent.com/u/30624495","Jolene","Maxwell","120","mx","Traveling|Reading|Running|Camping|Origami|Calligraphy|Painting"
"95f5f2cc-79d7-4601-ad47-d8d404692acb","https://avatars.githubusercontent.com/u/15101120","Saundra","Schmidt","96","ae","Camping|Knitting|Cycling|Yoga|Chess|Running|Skiing"
"7639fe20-968d-4a76-b5dd-0da09d4ae185","https://cdn.jsdelivr.net/gh/faker-js/assets-person-portrait/male/512/99.jpg","Stephon","Johnsrud","64","ie","Fishing|Running|Hiking|Woodworking|Singing"
"174daf32-79e2-47db-8606-7e4bc8fd00b9","https://avatars.githubusercontent.com/u/66600936","Sadie","Smeltzer","57","at","Skiing|Surfing|Painting|Gaming|Camping"
"0635f56c-339d-4ccf-b144-772e0eed1fed","https://cdn.jsdelivr.net/gh/faker-js/assets-person-portrait/male/512/66.jpg","Linda","Johnstone","4","pl","Calligraphy|Skiing|Swimming|Singing|Surfing|Woodworking|Origami|Cooking"
"fb0d30de-0541-47be-9f48-cb04b08aa8c7","https://cdn.jsdelivr.net/gh/faker-js/assets-person-portrait/male/512/24.jpg","Mortimer","Martinez","20","ch","Swimming|Gardening|Hiking"
"ae11308f-fbf4-48eb-bc97-613b35310692","https://avatars.githubusercontent.com/u/72039908","Steffen","Milford","98","co","Reading|Yoga|Baking|Writing|Guitar|Woodworking|Knitting"
"55052c2e-2625-4074-8b91-d3f2ca245228","https://avatars.githubusercontent.com/u/31470642","Monica","Johansen","22","ph","Gaming|Piano|Woodworking|Yoga"
"a4da097e-915f-41ad-b139-e959f82318a8","https://cdn.jsdelivr.net/gh/faker-js/assets-person-portrait/male/512/42.jpg","Stephon","Smelson","76","ke","Dancing|Skiing"
"3dcc6671-1367-4787-8a93-dc2cf7ebe977","https://cdn.jsdelivr.net/gh/faker-js/assets-person-portrait/male/512/26.jpg","Modesto","Smalls","104","eg","Swimming|Piano|Knitting"
"fd68692d-6dc3-40df-8ffb-093e0c1c0001","https://avatars.githubusercontent.com/u/5894154","Robert","Schubert","103","gb",""
"9ab2b146-c5a5-4a1f-95b2-5565250860cf","https://avatars.githubusercontent.com/u/99656092","Jolene","Mahone","106","in","Woodworking|Pottery|Knitting|Photography|Swimming|Hiking|Surfing|Baking|Birdwatching"
"6e8cf57f-e888-44b8-bbdd-fe035e9b448a","https://avatars.githubusercontent.com/u/24509124","Joellen","Mueller","10","ie","Surfing|Origami|Reading|Traveling|Fishing|Gardening|Woodworking|Astronomy|Dancing|Swimming"
"93d05776-554b-4655-add3-a8dbdd91f1a9","https://avatars.githubusercontent.com/u/84350472","Mary","Milstead","48","fr","Knitting|Guitar|Writing|Pottery|Hiking"
"f75bdfa5-6131-4550-9c18-e30b7956ec1f","https://cdn.jsdelivr.net/gh/faker-js/assets-person-portrait/male/512/40.jpg","Stephanie","Morhardt","20","ua","Guitar|Swimming|Traveling|Pottery|Knitting|Fishing"
"6f04e675-a062-4e38-84d1-dbb32050d01d","https://cdn.jsdelivr.net/gh/faker-js/assets-person-portrait/female/512/80.jpg","Santos","Magnavox","39","sg","Piano|Origami|Astronomy|Reading"
"1a25f3ab-a8aa-45a9-8066-5b1301d0a4f5","https://avatars.githubusercontent.com/u/10776692","Savanna","Mills","41","eg","Calligraphy|Painting|Running"
"462ad65e-c6ee-4756-a826-0c5e65214749","https://cdn.jsdelivr.net/gh/faker-js/assets-person-portrait/female/512/4.jpg","Jonathan","Schuster","0","ie","Knitting|Gardening|Painting|Fishing|Dancing|Cooking|Pottery"
"9fbf1b2b-1429-4bbf-886e-f9bc470f4cb4","https://avatars.githubusercontent.com/u/54245176","Monroe","Minter","87","au","Traveling|Singing|Knitting|Astronomy|Reading|Fishing|Calligraphy|Yoga"
"3db539f0-7cc9-4c1c-9b89-84ce5bda7cea","https://cdn.jsdelivr.net/gh/faker-js/assets-person-portrait/male/512/66.jpg","Steffen","Brown","66","es","Knitting|Fishing|Writing|Hiking|Cycling"
"095b1c70-09f4-4a72-bf8a-416aeba4722a","https://avatars.githubusercontent.com/u/95680894","Saveria","Smathurst","90","at","Running|Reading|Yoga|Chess|Singing"
"ca03e2cc-c2be-4414-9551-7d82559ffa2f","https://cdn.jsdelivr.net/gh/faker-js/assets-person-portrait/male/512/70.jpg","Montserrat","Schmidt","44","it","Camping|Painting|Hiking|Skiing|Piano|Calligraphy"
"23ba7ead-7c28-4b7d-9e8c-556865f99651","https://avatars.githubusercontent.com/u/31111893","Joseph","Johny","6","vn","Baking|Painting|Hiking|Knitting|Skiing"
"8af16ac4-8fe3-42b0-b6b1-7d5625fb03d9","https://cdn.jsdelivr.net/gh/faker-js/assets-person-portrait/male/512/84.jpg","Joel","Milby","8","cl","Knitting|Traveling|Baking|Camping|Yoga|Painting"
"a4f4a068-e30b-4ac2-8d6a-66b755f02def","https://cdn.jsdelivr.net/gh/faker-js/assets-person-portrait/male/512/49.jpg","Elizabeth","Mumm","97","nz","Photography|Fishing|Astronomy|Birdwatching|Hiking"
"689d9aed-bd27-4ad3-9a22-d21eef5298f4","https://avatars.githubusercontent.com/u/33622552","Jovan","Schumacher","84","nl","Gardening|Camping|Yoga"
"bb55e9e8-a654-4152-acc2-2eda0e72b9fc","https://avatars.githubusercontent.com/u/8892463","Margaret","Morgan","3","no","Calligraphy|Skiing|Hiking|Surfing|Chess|Pottery|Reading"
"40a5ff1f-6bd2-4080-b0eb-726e435f0ad7","https://avatars.githubusercontent.com/u/95798159","Susan","Morgan","103","ca","Origami|Fishing|Hiking"
"f1676656-fa79-420d-98cc-a9d4e70a40ac","https://avatars.githubusercontent.com/u/54079956","Steve","Schmidt","44","sa","Piano|Singing"
"0ee55b81-27d3-4cfd-b9dd-ad1c792522f6","https://cdn.jsdelivr.net/gh/faker-js/assets-person-portrait/female/512/82.jpg","Jocelyn","Schubert","103","nz","Traveling|Camping|Fishing|Gardening|Knitting|Pottery"
"9b55d40a-a68e-471a-bb09-31ad148f44dd","https://cdn.jsdelivr.net/gh/faker-js/assets-person-portrait/female/512/62.jpg","Michael","Moran","120","eg","Knitting|Origami|Camping"
"1f649981-ac13-4fd4-9bf6-19caad1bc4db","https://avatars.githubusercontent.com/u/23166408","Monica","Moriarty","69","in","Woodworking|Yoga|Pottery|Knitting|Painting|Camping"
"41b5ffae-fb07-47ab-80fd-3b26d9491a3e","https://cdn.jsdelivr.net/gh/faker-js/assets-person-portrait/male/512/85.jpg","Stefan","Mori","51","be","Origami|Reading|Writing|Piano|Camping|Gaming|Skiing|Swimming|Photography"
"7e3a42f7-0565-4b56-aab1-70e3c396a000","https://avatars.githubusercontent.com/u/33236546","David","Minter","50","sa","Piano|Cycling|Cooking|Running|Woodworking"
"db87138d-255e-4cdb-a40d-7127ec199aac","https://cdn.jsdelivr.net/gh/faker-js/assets-person-portrait/female/512/41.jpg","Samuel","Magnuson","61","ua","Piano|Singing"
"241b01cd-1452-4388-ad2c-67a6d45597b2","https://avatars.githubusercontent.com/u/73116373","Stéphane","Schaffner","46","fr","Calligraphy|Chess|Singing|Cycling|Gardening"
"c21c3cf6-8307-4ab3-b2f5-5397c62b2e35","https://cdn.jsdelivr.net/gh/faker-js/assets-person-portrait/female/512/94.jpg","Stephens","Morris","2","ke","Writing|Reading|Fishing|Swimming"
"750fd7b2-b552-4801-a31d-2fd49773cc27","https://cdn.jsdelivr.net/gh/faker-js/assets-person-portrait/male/512/91.jpg","Moritz","Martin","9","sa","Astronomy|Cycling|Surfing"
"4eb0d1c2-df43-4c9b-b04e-2a7776f5df13","https://cdn.jsdelivr.net/gh/faker-js/assets-person-portrait/male/512/56.jpg","Joanna","Schaffrath","95","fi","Photography"
"f5b2305a-86d0-4521-a6c1-b59fa19974a4","https://cdn.jsdelivr.net/gh/faker-js/assets-person-portrait/female/512/13.jpg","Stew","Johnsteen","50","ae","Pottery|Photography|Guitar"
"46a616f2-9acf-430b-a70e-8f23b09fb589","https://avatars.githubusercontent.com/u/41957402","Morris","Milholland","100","ae","Yoga|Woodworking|Origami|Knitting|Skiing|Calligraphy|Chess|Writing|Reading|Surfing"
"8c904ac8-133a-42e4-a098-bd24d304803c","https://avatars.githubusercontent.com/u/56892137","Jonathon","Mahoney","85","bd","Photography|Knitting|Dancing|Pottery|Writing|Woodworking"
"55570b71-14d5-4cb0-aade-f6ff4fc993c0","https://cdn.jsdelivr.net/gh/faker-js/assets-person-portrait/female/512/63.jpg","Jorgensen","Johnstone","91","no","Fishing|Birdwatching|Dancing|Knitting|Writing|Yoga|Reading"
"4ad71d20-7489-41e1-80d2-414f553b9342","https://avatars.githubusercontent.com/u/42985667","Steven","Schuman","66","ke","Reading|Running|Chess|Fishing|Astronomy|Birdwatching"
"0c8f2542-fe3d-4432-9ba1-f2fd83b8681d","https://cdn.jsdelivr.net/gh/faker-js/assets-person-portrait/male/512/36.jpg","Stephon","Johanns","31","ae","Writing|Hiking"
"8b082c83-cb06-43fb-8e8a-c11364313fdc","https://avatars.githubusercontent.com/u/85731646","Saveria","Matheson","5","se","Skiing|Painting|Chess|Piano|Cooking|Astronomy"
"7fca495d-bc04-4c83-aed0-922a14b98e3a","https://avatars.githubusercontent.com/u/38331306","Charles","Muth","59","vn","Yoga|Writing|Traveling|Woodworking|Dancing|Baking|Knitting"
"89f45f94-218c-4670-b059-b8afb60423f4","https://cdn.jsdelivr.net/gh/faker-js/assets-person-portrait/female/512/33.jpg","Dorothy","Johndrow","63","us","Camping|Reading|Traveling|Origami|Cycling"
"fb71f210-4d01-4302-b94f-1b95e62dff53","https://cdn.jsdelivr.net/gh/faker-js/assets-person-portrait/female/512/43.jpg","Sara","Morar","37","at","Cooking|Pottery|Chess"
"dc14a618-dff2-473f-96a9-463289b7901e","https://cdn.jsdelivr.net/gh/faker-js/assets-person-portrait/female/512/84.jpg","Monica","Johnstone","78","za","Cooking|Woodworking|Running|Knitting|Surfing"
"0ccc43d3-7d56-4613-a108-6e376c9fd8f0","https://avatars.githubusercontent.com/u/47920556","Michael","Thomas","89","br","Running|Camping|Dancing|Woodworking|Reading|Fishing|Birdwatching"
"b181a383-d5b1-4c91-8e3b-8bbbb05d46ca","https://cdn.jsdelivr.net/gh/faker-js/assets-person-portrait/male/512/33.jpg","Jolene","Morrison","80","no",""
"1dd49601-359c-423e-a9d9-7e263f91d121","https://avatars.githubusercontent.com/u/98905007","Stefanell","Schumacher","35","pe","Reading"
"01831bbe-6279-48f9-980b-dedc37619e9d","https://avatars.githubusercontent.com/u/95552591","Stéphane","Moriarty","19","pe","Yoga|Knitting|Painting|Reading|Traveling|Calligraphy|Chess|Guitar"
"ee2ac790-8578-4f87-beb3-e66023ec4a41","https://cdn.jsdelivr.net/gh/faker-js/assets-person-portrait/female/512/6.jpg","Montague","Miley","25","ch","Camping|Origami|Writing|Traveling|Knitting"
"d30992db-dec0-4c21-a4a3-d2aaa21850b3","https://cdn.jsdelivr.net/gh/faker-js/assets-person-portrait/male/512/76.jpg","Joris","Mahan","65","fi",""
"3c9f23b4-7479-4fa5-88e9-bb30d43f550f","https://avatars.githubusercontent.com/u/11397903","Saul","Murray","22","ke","Camping|Fishing|Dancing|Gaming|Singing|Hiking"
"28c0bfc6-9329-4d4e-a8d5-93f64f40e98d","https://cdn.jsdelivr.net/gh/faker-js/assets-person-portrait/male/512/13.jpg","Patricia","Smathelson","53","lk","Woodworking|Guitar|Birdwatching|Cycling|Gardening"
"7c7a5e2b-1317-457d-98c5-0d4bb017cc3a","https://cdn.jsdelivr.net/gh/faker-js/assets-person-portrait/female/512/38.jpg","Linda","Moriarty","70","id","Camping|Hiking|Cooking|Woodworking|Reading"
"3dbedbe4-e340-4c57-8239-35d78e809dee","https://cdn.jsdelivr.net/gh/faker-js/assets-person-portrait/male/512/97.jpg","Dorothy","Milstead","68","be","Singing|Chess|Baking|Astronomy"
"6ba571bb-cd3a-4a39-969d-b4212347d047","https://avatars.githubusercontent.com/u/80134519","Sara","Mori","103","no","Camping|Swimming|Reading|Gaming|Astronomy"
"84d9a3b0-b13c-4ce8-a83c-f6a177f18cff","https://avatars.githubusercontent.com/u/12441016","Stefan","Manson","45","ca","Skiing|Swimming|Hiking|Guitar|Cooking|Singing|Dancing|Running|Astronomy|Woodworking"
"db35c90e-6643-4950-afa1-8a917e07048c","https://cdn.jsdelivr.net/gh/faker-js/assets-person-portrait/female/512/49.jpg","Saundra","Milstead","67","dk","Skiing"
"ba4ac222-5cf7-4257-a1e2-3b85936cf2d4","https://avatars.githubusercontent.com/u/32390467","Patricia","Milstead","17","ar","Origami|Cooking"
"e281affb-0914-4c6c-8f37-bcf3462e6bc9","https://avatars.githubusercontent.com/u/7078003","Mortimer","Maynard","97","dk","Reading|Baking|Running|Yoga|Woodworking|Fishing|Skiing|Astronomy|Origami"
"f3959f90-fd54-4ce7-9629-19435649dca9","https://avatars.githubusercontent.com/u/80497821","Stefanell","Smelski","99","fr","Skiing|Reading"
"f9eb3b95-4f49-4494-bb71-bc24132b494b","https://cdn.jsdelivr.net/gh/faker-js/assets-person-portrait/female/512/69.jpg","Joanne","Clark","94","kr","Baking|Woodworking|Astronomy|Birdwatching|Knitting|Camping|Gaming|Piano|Writing"
"66c7262d-8b13-4da0-b6ca-9d391afd6fa6","https://cdn.jsdelivr.net/gh/faker-js/assets-person-portrait/female/512/87.jpg","Stefanell","Johnstun","45","cn","Cycling|Hiking|Gardening|Chess|Photography|Knitting|Dancing|Camping|Calligraphy|Singing"
"5fe36a67-7ffc-4b83-b6cc-d5b1567fd141","https://avatars.githubusercontent.com/u/64146085","Michael","Mahabir","11","in","Hiking|Singing|Reading|Gardening|Origami"
"fe330455-e18f-41fd-a210-ce783fbfe7c6","https://cdn.jsdelivr.net/gh/faker-js/assets-person-portrait/male/512/0.jpg","Stefan","Morales","91","th","Chess|Baking|Woodworking|Gardening|Birdwatching"
"4f78bb3b-15ee-46e4-bc66-38f4e9db2056","https://avatars.githubusercontent.com/u/8173569","Stephanie","Muth","34","cl","Piano|Calligraphy|Camping|Photography|Swimming|Yoga|Origami|Surfing|Gaming|Dancing"
"bba33643-ba34-4244-99a4-9788111bfebe","https://avatars.githubusercontent.com/u/10517828","Joanna","Johannsen","8","gr","Painting|Running|Skiing|Knitting|Singing|Baking|Cooking"
"1a352e53-336a-49a3-9632-474814e11c14","https://avatars.githubusercontent.com/u/62019700","Jovan","Schuman","55","ar",""
"cdfd966c-9871-4719-a7ce-dff50475b701","https://cdn.jsdelivr.net/gh/faker-js/assets-person-portrait/female/512/64.jpg","Jolene","Johnstad","33","nl","Dancing|Cooking|Camping|Fishing|Traveling|Pottery|Hiking|Photography|Singing"
"561c27f6-6914-4747-8477-486feb0cd659","https://avatars.githubusercontent.com/u/14701919","Moira","Martin","71","jp","Guitar|Hiking|Camping|Calligraphy|Writing|Surfing|Dancing|Reading|Pottery|Chess"
"a194b773-59ca-4b26-878b-967713c4ede4","https://avatars.githubusercontent.com/u/32211776","Morton","Mathews","53","dk","Baking|Painting|Pottery|Guitar|Cycling|Yoga|Cooking|Traveling|Surfing|Skiing"
"d0ab5172-7705-4a3d-8a2d-41623174de16","https://avatars.githubusercontent.com/u/40317086","Modena","Smelson","82","it","Astronomy|Singing|Reading|Camping|Origami|Knitting|Yoga|Writing"
"081a99b7-d37a-4fb4-8350-c4963667a26a","https://cdn.jsdelivr.net/gh/faker-js/assets-person-portrait/female/512/10.jpg","Stefano","Schunk","28","au","Baking|Fishing|Calligraphy|Writing|Guitar|Pottery|Singing|Chess|Swimming"
"0874cf69-fea6-4184-bb1f-3f4d169c28f1","https://avatars.githubusercontent.com/u/85048836","Samson","Manson","15","cl","Cycling|Camping|Reading|Pottery|Surfing|Chess|Astronomy|Gaming"
"79b25e3d-0c47-4ea4-aabf-1a59de2f9b5f","https://avatars.githubusercontent.com/u/76273730","Joanne","Muth","91","de","Gaming|Surfing|Calligraphy|Hiking|Cycling"
"b0738475-4646-4f72-b6a9-8dbc9c4cf333","https://cdn.jsdelivr.net/gh/faker-js/assets-person-portrait/female/512/75.jpg","Jonathon","Johannsen","19","dk","Woodworking|Origami|Birdwatching|Gardening|Chess|Hiking"
"fe1f4ccc-73c7-42ca-bd9c-90e35109a8d1","https://cdn.jsdelivr.net/gh/faker-js/assets-person-portrait/male/512/75.jpg","Jody","Schumann","82","ke","Woodworking|Fishing"
"d6aabafa-d412-4b13-9f9b-d86fa4e0daa6","https://avatars.githubusercontent.com/u/87199342","Sandra","Miley","116","pt","Cycling|Yoga|Woodworking"
"fa465d59-69c2-4a01-9e33-eb0ca785468c","https://cdn.jsdelivr.net/gh/faker-js/assets-person-portrait/male/512/49.jpg","Elizabeth","Mullane","96","gr","Woodworking|Baking|Photography|Calligraphy|Fishing|Camping"
"925fbf9c-2eed-45c0-8e83-a4c2fcadcf6e","https://cdn.jsdelivr.net/gh/faker-js/assets-person-portrait/female/512/3.jpg","Savina","Schaghticoke","99","ng","Chess|Gardening|Baking|Cycling|Writing|Swimming|Singing|Running|Origami"
"4d7261d0-208c-4f76-ba81-8538be77fc5a","https://avatars.githubusercontent.com/u/13625468","Mordecai","Schaffrath","7","id","Chess|Piano|Hiking|Surfing|Guitar|Dancing|Photography|Swimming|Yoga"
"ffc73f9b-6e1b-4ef3-8734-9d4719c33d7e","https://avatars.githubusercontent.com/u/44161701","Joaquin","Jackson","64","ng","Fishing"
"b7a4b725-ae8b-45ee-85c9-bf5536532983","https://cdn.jsdelivr.net/gh/faker-js/assets-person-portrait/female/512/94.jpg","Stefano","Johl","110","de","Fishing|Traveling|Dancing|Origami|Woodworking|Yoga|Singing|Baking|Photography"
"393e012d-197d-447f-a48e-626b2a41b609","https://cdn.jsdelivr.net/gh/faker-js/assets-person-portrait/female/512/28.jpg","Sander","Magnavox","27","ru","Knitting|Origami|Dancing|Chess|Woodworking|Photography"
"a1c58fef-4f5a-47f0-9110-c4922374f77a","https://cdn.jsdelivr.net/gh/faker-js/assets-person-portrait/male/512/62.jpg","Santino","Musselman","120","in","Woodworking|Piano|Skiing|Gardening|Guitar|Baking|Surfing"
"a3585ddd-6f4f-4ac4-975b-ebc52a48dc98","https://avatars.githubusercontent.com/u/26227247","Stephon","Milcarek","27","id","Photography|Birdwatching|Knitting|Traveling|Running|Painting|Camping"
"0009398c-d0b8-438b-91e1-987a03a2dbd3","https://cdn.jsdelivr.net/gh/faker-js/assets-person-portrait/male/512/42.jpg","Mohan","Smith","31","ca","Swimming|Origami|Chess|Gardening|Dancing|Astronomy"
"26608484-b1a4-48ad-9e51-9180b84fe8c4","https://cdn.jsdelivr.net/gh/faker-js/assets-person-portrait/male/512/44.jpg","Stephens","Mileham","94","gb","Traveling"
"43c0d55b-8cdc-4fdf-a421-0b2248c3b0d4","https://avatars.githubusercontent.com/u/41146861","Mona","Milcarek","74","id","Hiking|Yoga|Reading|Dancing|Woodworking|Cooking|Origami|Surfing|Cycling|Painting"
"9f419415-1784-46bf-a59b-83ceb4a6daa6","https://cdn.jsdelivr.net/gh/faker-js/assets-person-portrait/female/512/25.jpg","Jonny","Johansen","29","nl","Piano|Hiking|Skiing|Cooking|Photography|Astronomy|Fishing|Gardening|Writing|Dancing"
"d96fd36d-35b3-4e72-9303-d1b2185cd223","https://avatars.githubusercontent.com/u/7836622","Susan","Schaffner","116","it","Baking|Guitar"
"696c3ff5-c284-417b-a4c6-41c6441e942f","https://avatars.githubusercontent.com/u/78014979","Modesto","Magnuson","92","ch","Running|Swimming|Calligraphy"
"d94e41fc-8a6a-4d6e-8171-093eb84f5b92","https://avatars.githubusercontent.com/u/10624983","Margaret","Smith","22","ke","Camping|Origami|Gaming|Pottery"
"4ca780a7-cc3a-4824-a309-1c5ce5d407ab","https://avatars.githubusercontent.com/u/68409100","John","Minton","78","co",""
"a0b56296-ea95-418b-b39e-5aac0f8dfed2","https://avatars.githubusercontent.com/u/75471526","James","Smith","108","au","Writing|Camping|Surfing|Singing|Knitting"
"2ae84a6d-18fc-4d16-94e3-31cf164650c4","https://cdn.jsdelivr.net/gh/faker-js/assets-person-portrait/female/512/28.jpg","Savanna","Schurz","2","pt","Pottery|Dancing|Piano|Hiking|Camping|Baking|Woodworking|Photography|Running"
"ca2a8348-4167-4f87-aa20-38cafef2bc22","https://cdn.jsdelivr.net/gh/faker-js/assets-person-portrait/female/512/54.jpg","Santos","Schall","90","au",""
"8352fb52-df6a-40f0-950c-6abefb773566","https://avatars.githubusercontent.com/u/57824775","Stephens","Mork","29","pe","Traveling|Surfing|Baking|Cooking|Gaming|Birdwatching|Guitar"
"05f822ed-0093-4d83-a0bf-fc24377b9776","https://cdn.jsdelivr.net/gh/faker-js/assets-person-portrait/male/512/1.jpg","Molly","Morlock","36","th",""
"7f938f1d-ff69-4425-abea-968dc7dc9eb2","https://cdn.jsdelivr.net/gh/faker-js/assets-person-portrait/female/512/86.jpg","Sally","Muller","114","jp","Piano|Woodworking|Surfing|Baking|Origami|Singing|Painting|Astronomy"
"6ebf3558-beba-46ed-aa29-1d100c899a57","https://cdn.jsdelivr.net/gh/faker-js/assets-person-portrait/female/512/92.jpg","Sally","Morin","7","ua","Surfing|Gardening|Astronomy"
"7bf53fe1-fe7d-4092-b83d-d17ee944f103","https://cdn.jsdelivr.net/gh/faker-js/assets-person-portrait/female/512/0.jpg","Savasana","Milnor","47","ar","Camping|Reading|Chess|Singing"
"358abade-e282-4a6b-81d6-889cafbff54e","https://cdn.jsdelivr.net/gh/faker-js/assets-person-portrait/male/512/36.jpg","Linda","Smola","57","fi","Calligraphy|Birdwatching"
"666d94dc-be9a-418b-bc77-bd19197eedb2","https://avatars.githubusercontent.com/u/45660385","Monroe","Miley","69","nz","Calligraphy|Dancing|Traveling|Yoga|Cooking"
"57162535-49a6-4dcc-a9d2-08779fa5daff","https://cdn.jsdelivr.net/gh/faker-js/assets-person-portrait/female/512/14.jpg","William","Mahabir","17","pt","Fishing|Skiing|Surfing|Cooking|Hiking|Birdwatching"
"b5ca079d-f401-466d-b320-231acdd8f729","https://avatars.githubusercontent.com/u/50424380","Jody","Schmidt","62","nl",""
"6c3657a8-9b4e-4a5e-9524-7463a75d3141","https://cdn.jsdelivr.net/gh/faker-js/assets-person-portrait/female/512/49.jpg","Morris","Schumacher","98","dk","Gaming|Calligraphy"
"e81864c6-be79-4dfb-af84-9e8df8e9b8fa","https://avatars.githubusercontent.com/u/97363968","Stew","Clark","89","fr","Hiking|Skiing|Photography|Dancing|Woodworking|Piano"
"39ea4719-c21e-4cd4-b18f-88032fcc953c","https://avatars.githubusercontent.com/u/89304632","Dorothy","Smolinski","21","vn","Hiking|Photography"
"386c5bf3-0e7a-4dff-97d7-7053a4b5f704","https://cdn.jsdelivr.net/gh/faker-js/assets-person-portrait/male/512/98.jpg","Mohan","Maynard","5","be","Yoga"
"4a8902fa-2322-43bc-ac14-34f463d4b5b8","https://avatars.githubusercontent.com/u/45196334","Joris","Mathews","87","sa","Painting|Writing|Skiing|Hiking|Birdwatching"
"86d082bf-5fc8-4bda-a6ff-fca616ca32e0","https://avatars.githubusercontent.com/u/25302333","Joseph","Morey","75","lk","Swimming|Singing|Piano|Yoga|Painting|Woodworking"
"982a25aa-021a-472a-9674-7d8d5774ab04","https://cdn.jsdelivr.net/gh/faker-js/assets-person-portrait/female/512/52.jpg","Modena","Marshall","51","cz","Birdwatching"
"7cd11f5a-afe3-4fd5-b04a-e1054e514d68","https://avatars.githubusercontent.com/u/47856126","Joshua","Johanns","10","ch","Chess|Piano|Woodworking|Birdwatching|Reading|Surfing|Gardening|Camping"
"4af4deed-51bc-4f27-9f97-cee9d887c90c","https://cdn.jsdelivr.net/gh/faker-js/assets-person-portrait/female/512/65.jpg","Molly","Magnuson","116","se","Writing|Gaming|Cycling|Yoga|Pottery|Baking|Painting|Singing|Camping"
"5cc6bd46-ee25-40c2-ac3d-265f3dc46f10","https://cdn.jsdelivr.net/gh/faker-js/assets-person-portrait/female/512/98.jpg","Stephania","Johannsen","75","il","Astronomy|Running|Gardening|Singing|Yoga"
"f4154e68-d7ca-4fd2-b520-b7643edae164","https://cdn.jsdelivr.net/gh/faker-js/assets-person-portrait/female/512/84.jpg","Jonathon","Schafer","111","cl","Baking|Yoga|Cycling|Chess|Painting|Cooking|Surfing"
"4cd5f2f2-144f-4aed-bf94-5ad93ad1e9ad","https://avatars.githubusercontent.com/u/18199140","Monroe","Maynard","94","ar","Surfing"
"9cb4d0f7-4a73-4467-9e5c-b0c4d11288d2","https://cdn.jsdelivr.net/gh/faker-js/assets-person-portrait/female/512/82.jpg","Moreno","Smock","17","gr","Hiking|Yoga|Surfing|Woodworking|Running|Guitar|Cooking|Skiing|Baking|Fishing"
"d78a5df2-a3f5-4361-8edf-89f30578345c","https://avatars.githubusercontent.com/u/57296161","Saul","Musselman","46","my","Gaming"
"8b2d4aed-0247-4a82-8567-06dab9a7f2a9","https://avatars.githubusercontent.com/u/96906274","Sadie","Muller","51","ru","Writing|Chess|Yoga|Photography|Gaming"
"47acb017-4e5f-48d8-b458-11cb3aa0b311","https://avatars.githubusercontent.com/u/71801415","Mordecai","Smells","118","ke","Swimming"
"07d82937-7fb9-4dd0-93c8-2ce0a2e5d70f","https://cdn.jsdelivr.net/gh/faker-js/assets-person-portrait/female/512/2.jpg","Mary","Mullis","44","br",""
"9f1ba835-d4d1-4aeb-aa87-a54caedb65fc","https://avatars.githubusercontent.com/u/5654685","Joanne","Smolinski","17","id","Woodworking"
"a378c097-a518-4fe4-883d-2686bccb4021","https://avatars.githubusercontent.com/u/88119304","Charles","Brown","35","th","Cycling|Astronomy|Origami|Singing|Skiing|Calligraphy|Piano|Yoga|Running|Writing"
"13d8e1ee-931e-49ec-8441-b58e9dad1a7d","https://cdn.jsdelivr.net/gh/faker-js/assets-person-portrait/male/512/13.jpg","Moreno","Mullane","34","at","Photography|Skiing|Yoga|Guitar|Gaming|Birdwatching"
"36e979ab-add0-4104-9114-a5fce8d8a21c","https://avatars.githubusercontent.com/u/21100400","Stella","Miley","56","id","Dancing|Surfing|Piano|Reading|Birdwatching|Singing|Yoga"
"f4cec976-869f-43bd-9331-ae2a6b157648","https://cdn.jsdelivr.net/gh/faker-js/assets-person-portrait/male/512/24.jpg","Moritz","Miley","53","id","Woodworking|Pottery|Piano|Traveling|Knitting|Running|Hiking|Surfing|Writing"
"c230f8ca-ad7a-4a7d-9448-a9de66da47b5","https://avatars.githubusercontent.com/u/77583333","Stephens","Clark","98","ae","Camping|Gaming|Woodworking|Running|Singing|Astronomy|Guitar|Calligraphy|Gardening|Baking"
"6db584e3-d2bf-489d-97f1-27f4ebe10dcf","https://avatars.githubusercontent.com/u/58613428","Josey","Morrison","78","de","Baking|Running|Photography|Birdwatching|Skiing|Piano|Pottery|Gardening|Gaming"
"411c55f2-8854-4990-b88c-c0c19419fca5","https://avatars.githubusercontent.com/u/7972328","Joanna","Johwell","95","dk","Cycling"
"36809fd6-1452-464e-ada2-8c9335cdb236","https://cdn.jsdelivr.net/gh/faker-js/assets-person-portrait/female/512/86.jpg","Josey","Hernandez","38","fr","Writing|Photography"
"f9f00a30-c5c5-4bfe-8899-cdc94e2b09c5","https://cdn.jsdelivr.net/gh/faker-js/assets-person-portrait/male/512/96.jpg","Joanna","Anderson","0","cz","Knitting|Birdwatching|Woodworking|Pottery|Origami"
"516c8fbe-c045-40c4-8c87-13fb9c9161a6","https://avatars.githubusercontent.com/u/62430451","Jody","Johny","28","ae","Baking"
"a389eb4a-ee4b-4007-89f4-5730c6d4d227","https://avatars.githubusercontent.com/u/28858889","Daniel","Taylor","41","ch","Piano|Birdwatching|Woodworking|Yoga|Calligraphy|Traveling|Skiing|Cycling"
"316ecd31-dc00-4564-8f16-033135e69534","https://avatars.githubusercontent.com/u/89648435","Linda","Johnsen","12","gb","Painting|Origami|Fishing"
"55fdf8c3-be48-47c7-a281-e6afd84dc390","https://avatars.githubusercontent.com/u/79563198","Mohamed","Johnsen","77","cl","Writing|Skiing"
"c7275ad9-61cf-4776-81e8-f81b950699a8","https://cdn.jsdelivr.net/gh/faker-js/assets-person-portrait/male/512/61.jpg","Jennifer","Mullin","70","ua","Writing|Origami|Singing|Woodworking|Camping|Dancing|Fishing|Running|Piano"
"b6db4cb9-63f2-4f0e-87ed-4593b53f488a","https://cdn.jsdelivr.net/gh/faker-js/assets-person-portrait/female/512/29.jpg","Susan","Smelski","16","in","Reading|Calligraphy|Traveling|Gaming|Woodworking|Knitting|Cycling|Astronomy|Chess|Yoga"
"b54ad2fb-6d5b-47c1-9b13-d71e8e646744","https://cdn.jsdelivr.net/gh/faker-js/assets-person-portrait/female/512/70.jpg","Joseph","Smelts","64","es","Pottery|Hiking|Guitar|Chess"
"afc86ba0-52db-42a2-80d4-2f8cb075dcfc","https://cdn.jsdelivr.net/gh/faker-js/assets-person-portrait/male/512/72.jpg","Mona","Munday","106","co","Knitting|Photography|Skiing|Astronomy|Guitar|Surfing|Reading"
"6d6a577c-7f10-43e8-bb76-64dbcfbd8913","https://avatars.githubusercontent.com/u/9713994","Moreno","Lewis","23","sg","Traveling|Dancing|Yoga|Astronomy|Camping"
"25ccd7a7-a814-4f88-aeea-52ad297babf6","https://cdn.jsdelivr.net/gh/faker-js/assets-person-portrait/female/512/68.jpg","Barbara","Milstein","21","pe","Calligraphy|Cycling|Hiking"
"0bc6b25e-d113-411e-9792-dd7dc357280e","https://avatars.githubusercontent.com/u/63422757","Morris","Milcarek","76","ca","Calligraphy|Dancing|Origami|Writing|Fishing"
"5ffb728a-e956-4c71-9148-f823d187000a","https://avatars.githubusercontent.com/u/29840071","Monique","Joekel","117","th","Painting|Yoga|Woodworking|Surfing|Baking|Fishing"
"4a7f7d2c-4c05-4d23-938f-73ec62764e94","https://avatars.githubusercontent.com/u/10697057","Jolene","Morello","84","pt",""
"0d54a0ba-796c-4424-8ac6-434ecd7d8756","https://cdn.jsdelivr.net/gh/faker-js/assets-person-portrait/male/512/22.jpg","Saul","Mahone","30","cz","Calligraphy|Skiing|Running|Astronomy|Cooking|Photography|Fishing|Singing"
"196867c5-af1b-4a03-918d-07d754fd80d6","https://cdn.jsdelivr.net/gh/faker-js/assets-person-portrait/female/512/74.jpg","Steve","Moriarty","60","de","Chess|Astronomy|Swimming|Reading|Gardening|Calligraphy|Baking|Running|Hiking"
"3b898fa3-4311-4911-ae2e-511b93ae64aa","https://avatars.githubusercontent.com/u/11805140","Saundra","Mason","11","cl","Swimming|Traveling|Baking|Dancing|Cooking|Photography|Piano|Calligraphy|Cycling|Origami"
"eed55ab0-2046-4768-8d0a-eb0bbee98b2f","https://avatars.githubusercontent.com/u/12145160","Stefanie","Morin","107","pe","Singing"
"eeff8412-b667-44fc-86c3-e322fdd68a8d","https://cdn.jsdelivr.net/gh/faker-js/assets-person-portrait/female/512/85.jpg","Sandra","Johannsen","9","ua","Yoga|Astronomy|Reading|Fishing|Cooking|Baking|Photography|Piano|Chess"
"5e2d9ad9-857c-4f96-bbd4-1e4f7ac71188","https://avatars.githubusercontent.com/u/19361588","Morgan","Martinez","100","ru","Calligraphy|Singing|Dancing|Pottery|Birdwatching|Guitar|Cooking|Cycling|Photography|Astronomy"
"c58daf49-7dd5-4c93-9728-0a58b953637f","https://avatars.githubusercontent.com/u/21873285","Sarah","Moriarty","116","ke","Cycling|Gaming|Hiking|Knitting|Reading|Astronomy|Origami"
"5d6af226-599f-4726-8e32-8b5781b53052","https://avatars.githubusercontent.com/u/77426161","Stephen","Moore","106","pt","Writing|Running|Cooking|Fishing|Origami|Painting|Hiking|Astronomy|Swimming"
"3b5cf539-be54-4c25-91fe-c8cac456e1f9","https://cdn.jsdelivr.net/gh/faker-js/assets-person-portrait/male/512/88.jpg","Sanford","Taylor","89","no","Running|Writing|Cycling|Swimming|Woodworking|Baking|Cooking"
"dec7991c-0e81-4289-a2da-bc871793734f","https://cdn.jsdelivr.net/gh/faker-js/assets-person-portrait/female/512/77.jpg","Sander","Morin","47","dk","Yoga|Piano|Reading|Surfing"
"0e3f18cd-1765-4f30-87a9-4875928702b9","https://avatars.githubusercontent.com/u/43339384","Sadie","Muller","119","il","Yoga|Gardening|Cooking|Astronomy|Photography"
"d9df9379-e3a4-4c91-9cb9-6bf9438a5468","https://avatars.githubusercontent.com/u/67344633","Mary","Smells","1","sa","Origami|Knitting|Writing|Piano|Hiking|Traveling|Singing|Chess|Dancing"
"ad4634d7-07ba-4269-8ad5-2e64ec7f67a3","https://cdn.jsdelivr.net/gh/faker-js/assets-person-portrait/male/512/89.jpg","Savanna","Minton","112","za","Painting|Cooking|Reading"
"3212187c-4acc-416a-a339-fb1a021fd9a7","https://cdn.jsdelivr.net/gh/faker-js/assets-person-portrait/female/512/21.jpg","Stephens","Schulze","87","kr","Surfing|Astronomy|Cycling|Birdwatching|Camping|Gaming|Hiking"
"ab3a08c1-396a-402e-b2cc-f745c73c9c89","https://avatars.githubusercontent.com/u/64397911","Joel","Martin","114","br","Fishing|Skiing|Cooking|Guitar|Pottery"
"09d0dddd-de4c-4565-9501-d308f51e91ea","https://cdn.jsdelivr.net/gh/faker-js/assets-person-portrait/female/512/93.jpg","Moira","Minnick","63","fr","Skiing|Guitar|Woodworking|Painting"
"169320db-cef1-4d48-8cf9-448d3f1b33d6","https://avatars.githubusercontent.com/u/35936773","Morton","Johny","56","ke","Yoga|Chess|Piano|Knitting|Running|Cycling|Traveling|Gardening|Fishing"
"b39fcb1e-2ff9-4450-998b-e2904407efc7","https://cdn.jsdelivr.net/gh/faker-js/assets-person-portrait/male/512/71.jpg","Joseph","Thomas","101","my","Pottery|Chess|Cooking|Piano|Origami|Woodworking|Gardening|Knitting"
"1c695e7f-c748-4309-bdf3-7c3d212d93af","https://cdn.jsdelivr.net/gh/faker-js/assets-person-portrait/male/512/8.jpg","Samuel","Mori","59","gb","Piano|Running|Knitting|Gardening|Gaming|Photography|Yoga"
"4dc7ee28-0dce-4029-ab2c-3346ce754866","https://cdn.jsdelivr.net/gh/faker-js/assets-person-portrait/male/512/38.jpg","Barbara","Johanson","36","es","Reading|Origami|Singing|Camping|Birdwatching|Photography|Calligraphy"
"c8f98bc9-330c-409d-9e76-0f6a33529219","https://avatars.githubusercontent.com/u/16534736","Patricia","Johnstone","56","pe",""
"b5dfa306-d9ab-490d-817e-e18a596fc10f","https://cdn.jsdelivr.net/gh/faker-js/assets-person-portrait/female/512/97.jpg","Saul","Schaffner","111","za","Traveling|Singing|Origami|Skiing|Camping|Piano|Running|Guitar|Surfing"
"233b32d7-8fd2-4e5b-a692-ac51c5289854","https://cdn.jsdelivr.net/gh/faker-js/assets-person-portrait/male/512/67.jpg","Joseph","Morello","13","mx","Surfing|Woodworking|Cycling|Origami|Camping|Dancing|Chess"
"260724b3-e21a-44c8-afe9-d551cd891d43","https://cdn.jsdelivr.net/gh/faker-js/assets-person-portrait/female/512/79.jpg","Morgan","Munsch","0","fr","Yoga|Gardening|Knitting|Surfing|Gaming|Traveling"
"cddc3ae1-d694-4502-a5a5-fc1107d2f5a2","https://cdn.jsdelivr.net/gh/faker-js/assets-person-portrait/male/512/31.jpg","Saveria","Mahabir","96","cn","Birdwatching|Skiing|Dancing|Calligraphy"
"53610d30-1ced-4b1b-ab40-8c48c4bd9750","https://avatars.githubusercontent.com/u/69579527","Steven","Morin","44","se","Gardening|Chess|Singing|Cooking"
"1f5de759-e1b9-4222-9a6f-0f5c85b0355c","https://avatars.githubusercontent.com/u/44468414","Mortimer","Murphy","80","cn","Knitting|Baking|Woodworking|Skiing|Birdwatching"
"e1eb8579-72f3-45b7-91d5-8695df011d64","https://cdn.jsdelivr.net/gh/faker-js/assets-person-portrait/male/512/35.jpg","Jonah","Johansen","9","pl","Skiing"
"4dd0c9a0-4960-4031-b7b6-fd3c65dd9891","https://cdn.jsdelivr.net/gh/faker-js/assets-person-portrait/male/512/0.jpg","Joseph","Johnsrud","62","no","Photography|Fishing|Dancing|Singing|Piano"
"18f29a10-3122-423b-87ec-061da703fc0f","https://avatars.githubusercontent.com/u/54040819","Steven","Mahoney","14","au","Dancing|Gardening|Reading|Piano|Surfing|Origami|Yoga|Photography|Baking|Astronomy"
"dbac5712-9d71-47be-95fc-c9859e770961","https://cdn.jsdelivr.net/gh/faker-js/assets-person-portrait/male/512/20.jpg","Joanna","Milstead","67","cl","Baking|Swimming|Dancing|Guitar|Hiking|Pottery"
"c8ea8b74-bca6-4ea2-96c6-41e329dd57e3","https://avatars.githubusercontent.com/u/21693978","Moira","Schaffrath","19","lk","Writing|Hiking|Yoga|Astronomy|Swimming|Camping"
"6eaf278a-dc03-4521-9684-2064eaa6ffac","https://cdn.jsdelivr.net/gh/faker-js/assets-person-portrait/male/512/82.jpg","Margaret","Muller","36","pe",""
"ee6cfa9f-0d6c-4d8f-8219-b9b785b7bce7","https://avatars.githubusercontent.com/u/9392659","Morton","Muse","81","eg","Chess|Painting|Writing|Singing|Gaming|Running|Hiking|Cycling|Gardening"
"a46c858e-9709-4c4b-8b0d-5c67154a8ca9","https://cdn.jsdelivr.net/gh/faker-js/assets-person-portrait/female/512/15.jpg","Savasana","Smock","78","se","Baking|Calligraphy|Camping|Fishing"
"9282a129-93db-4ef7-b1df-c67f769b1630","https://cdn.jsdelivr.net/gh/faker-js/assets-person-portrait/male/512/59.jpg","Jovan","Milstead","98","de","Gaming|Woodworking|Fishing|Piano|Knitting"
"e976b77c-617d-4969-8513-28588d203219","https://cdn.jsdelivr.net/gh/faker-js/assets-person-portrait/male/512/34.jpg","Stefanell","Mullens","49","cz",""
"2100fb52-9317-4d73-9ab5-54212e7dace4","https://cdn.jsdelivr.net/gh/faker-js/assets-person-portrait/female/512/3.jpg","Samantha","Magnavox","115","cn","Yoga|Cooking|Chess|Dancing"
"4b7d7644-9e38-4723-9f30-493f495f2885","https://cdn.jsdelivr.net/gh/faker-js/assets-person-portrait/female/512/85.jpg","Joel","Martinez","82","th","Swimming|Gaming"
"2621a0c5-3858-4317-99b6-304d2c23afc2","https://avatars.githubusercontent.com/u/46846608","Elizabeth","Johnsen","28","ie","Guitar|Writing|Cooking|Astronomy|Gardening|Baking"
"1cd3cf5d-e22b-41cd-bb27-c1ded2a9e5e2","https://cdn.jsdelivr.net/gh/faker-js/assets-person-portrait/female/512/21.jpg","Margaret","Muth","89","ch","Woodworking|Guitar|Painting"
"f57f5ca7-593a-4f5c-9f1c-6b8ba9df8eb6","https://cdn.jsdelivr.net/gh/faker-js/assets-person-portrait/female/512/35.jpg","Jorgensen","Smelski","110","fi","Astronomy|Calligraphy|Running"
"63ef99db-9cd2-4d93-a20a-f0387575610a","https://cdn.jsdelivr.net/gh/faker-js/assets-person-portrait/male/512/76.jpg","Stephens","Schuster","51","ph","Gardening|Hiking|Writing|Woodworking|Pottery|Photography|Cycling|Traveling|Singing"
"299a1827-9bb6-427f-812e-8f616425021f","https://avatars.githubusercontent.com/u/79624247","Jonny","Musselman","56","br","Fishing|Astronomy|Running|Calligraphy|Birdwatching|Painting|Reading"
"3eeebc17-f4e7-494e-88cc-29b58a0b0a35","https://cdn.jsdelivr.net/gh/faker-js/assets-person-portrait/female/512/6.jpg","Mohamed","Mullane","46","au","Writing|Baking|Camping|Yoga|Origami|Birdwatching|Singing|Fishing"
"96b00121-940a-4308-8e24-efef095674b4","https://avatars.githubusercontent.com/u/77695042","Thomas","Smola","12","cz","Gardening|Photography|Origami|Baking|Fishing|Camping|Calligraphy|Gaming|Traveling|Painting"
"6fd24fe1-2729-4d7d-8b95-d53b389a0d69","https://avatars.githubusercontent.com/u/4172653","Margaret","Schaffner","33","es","Camping|Astronomy|Fishing|Running|Surfing|Cooking|Chess|Pottery|Reading|Hiking"
"f6d65f46-14be-4aa0-b130-620f3e2565ba","https://cdn.jsdelivr.net/gh/faker-js/assets-person-portrait/male/512/50.jpg","Stella","Mori","93","ke","Pottery|Fishing|Baking|Reading|Calligraphy|Gaming|Swimming"
"ff951707-b0c2-44a5-86a5-e968fef7a0d8","https://avatars.githubusercontent.com/u/65457116","Morgan","Mork","73","nz","Chess|Astronomy|Photography|Birdwatching|Writing|Skiing"
"98103e83-7428-4f26-a54a-8a3feb581513","https://cdn.jsdelivr.net/gh/faker-js/assets-person-portrait/male/512/93.jpg","Joshua","Morrison","97","nz",""
"9a8e15f7-e2d9-430d-b3ab-212a5fe06960","https://avatars.githubusercontent.com/u/49014862","Steve","Morales","82","ae","Guitar|Cycling|Photography|Surfing|Fishing|Calligraphy|Knitting|Writing|Hiking"
"868b9ee4-8f97-41fa-81e2-abef8a1c50e6","https://cdn.jsdelivr.net/gh/faker-js/assets-person-portrait/male/512/32.jpg","Elizabeth","Johansen","54","co","Calligraphy|Dancing|Cooking|Piano|Fishing|Baking|Photography|Running"
"cd0c9a03-93d1-4608-a440-46f30af1e749","https://cdn.jsdelivr.net/gh/faker-js/assets-person-portrait/male/512/91.jpg","Richard","Schuman","8","in","Baking|Hiking|Reading|Camping"
"506f138b-6f69-40a4-bc18-a32840991588","https://avatars.githubusercontent.com/u/5188960","Joellen","Johanson","117","br",""
"22aa0c33-1055-48c3-9fc8-47ad16284478","https://avatars.githubusercontent.com/u/71333939","Jolene","Smelcer","4","ph","Running|Astronomy|Woodworking|Photography|Dancing|Singing|Pottery|Yoga"
"3ece4885-3914-4f05-a0cc-095345839c66","https://avatars.githubusercontent.com/u/45529862","Richard","Muse","92","ph","Piano|Baking|Knitting|Dancing|Singing|Painting|Hiking|Cycling"
"2804dacb-62ed-4415-acec-68694119bd09","https://cdn.jsdelivr.net/gh/faker-js/assets-person-portrait/female/512/40.jpg","Moira","Smith","86","pk","Knitting|Painting|Fishing"
"ee008a0c-6bf3-4709-b1eb-1ab18f402ec1","https://avatars.githubusercontent.com/u/60979112","Joanna","Smele","65","it","Photography"
"ca95016f-195d-4df7-bc71-b33068105fe6","https://cdn.jsdelivr.net/gh/faker-js/assets-person-portrait/female/512/80.jpg","David","Mahmood","70","nz","Astronomy|Hiking|Birdwatching"
"47a32f56-de7c-49d2-a45d-96d7742b7892","https://avatars.githubusercontent.com/u/33202209","Monica","Miller","115","fi","Cooking|Astronomy|Birdwatching|Guitar|Knitting|Reading|Swimming|Photography|Baking|Painting"
"b53122a2-9ae2-43af-bb9b-88c8faaff179","https://cdn.jsdelivr.net/gh/faker-js/assets-person-portrait/female/512/37.jpg","Monique","Joekel","67","tr","Painting|Yoga|Hiking|Piano"
"8c2e6ab0-ea06-4f08-8b94-96fd256b1cf6","https://avatars.githubusercontent.com/u/14812563","Daniel","Johnstad","58","ng","Piano|Reading|Calligraphy|Skiing|Singing|Birdwatching|Pottery|Cooking"
"cf6dd168-ffc3-4e46-b25d-fa412322be5d","https://avatars.githubusercontent.com/u/4222004","Stéphane","Jones","87","il","Camping|Gaming|Cooking|Swimming|Writing|Guitar|Running|Yoga"
"060f8209-822e-4871-8565-e0473afa2557","https://cdn.jsdelivr.net/gh/faker-js/assets-person-portrait/male/512/83.jpg","Morris","Smathurst","80","ke","Baking|Chess|Cooking|Surfing"
"e87aca94-e617-44d5-a7d5-13cbadbe80bb","https://avatars.githubusercontent.com/u/93553833","Linda","Minton","22","cl","Baking|Pottery|Fishing|Dancing|Swimming"
"987b1c15-e235-472b-8ab9-2d1b379059bb","https://avatars.githubusercontent.com/u/4178039","Stephon","Smelson","113","de","Swimming|Cooking|Pottery|Woodworking|Cycling|Writing|Astronomy|Skiing|Hiking"
"57e290f6-1a67-411a-babd-146690d2cb89","https://avatars.githubusercontent.com/u/17981804","Joris","Smolley","92","ae","Singing|Woodworking|Painting|Camping|Gardening|Origami|Piano"
"1476daf6-413f-4fd3-a312-3c0b8358d628","https://cdn.jsdelivr.net/gh/faker-js/assets-person-portrait/male/512/24.jpg","Moira","Miller","60","gb","Singing|Birdwatching|Fishing|Woodworking|Origami|Camping|Cooking|Hiking|Guitar|Traveling"
"70a5dd87-005d-4a08-92ef-a73855860b4a","https://avatars.githubusercontent.com/u/64265398","Sandra","Milnor","44","id","Piano|Camping|Astronomy"
"d15893e1-8aab-4ec1-8228-b4d60c6383cf","https://avatars.githubusercontent.com/u/98283359","Moira","Milton","24","za","Camping|Knitting|Reading|Painting"
"d0d23b29-baae-4748-8729-1aef615ca63c","https://cdn.jsdelivr.net/gh/faker-js/assets-person-portrait/female/512/23.jpg","Saundra","Taylor","27","nl","Chess|Swimming|Knitting|Photography|Skiing|Surfing|Piano|Baking|Pottery"
"eb7b9020-db44-4da8-973c-50b130d3dac5","https://cdn.jsdelivr.net/gh/faker-js/assets-person-portrait/female/512/90.jpg","Stephenie","Smelson","113","at","Photography|Gaming|Camping|Guitar|Dancing|Cooking|Gardening|Astronomy|Cycling|Painting"
"974affe2-1641-42ce-b6a8-f47bdb7a8842","https://avatars.githubusercontent.com/u/99501180","Charles","Schuster","32","ie","Traveling|Baking|Pottery"
"272e9e48-7ffe-4a06-af1f-26ce984e75de","https://cdn.jsdelivr.net/gh/faker-js/assets-person-portrait/female/512/22.jpg","Montague","Miley","25","pl","Dancing"
"d850336d-345c-4dcb-9845-1e3cce14edbd","https://cdn.jsdelivr.net/gh/faker-js/assets-person-portrait/female/512/63.jpg","Stephane","Muse","97","ke","Pottery|Woodworking|Chess|Birdwatching|Hiking|Reading"
"01030df1-0952-4368-bd4f-66ceccd1e8e8","https://avatars.githubusercontent.com/u/10675058","Monroe","Smelts","53","za","Piano|Guitar|Cycling|Hiking|Gaming"
"1f042a73-b12c-4238-ab1e-33750b127311","https://cdn.jsdelivr.net/gh/faker-js/assets-person-portrait/male/512/99.jpg","Morton","Mullen","71","co","Origami|Singing|Birdwatching|Calligraphy|Fishing|Yoga|Gaming|Astronomy"
"504412d3-f428-4bf7-a296-1821dc4e1ff6","https://cdn.jsdelivr.net/gh/faker-js/assets-person-portrait/female/512/84.jpg","Stephens","Johannsen","1","ar","Cycling|Pottery|Traveling"
"8b437151-7432-45c0-a067-1948de420819","https://cdn.jsdelivr.net/gh/faker-js/assets-person-portrait/male/512/39.jpg","Susan","Milnor","53","in","Photography|Knitting|Reading|Fishing|Baking|Camping|Calligraphy"
"781ffed6-245f-4ef1-9101-692b33016f95","https://cdn.jsdelivr.net/gh/faker-js/assets-person-portrait/female/512/21.jpg","Stanley","Smith","26","mx",""
"4e345b78-f0aa-486d-afde-c5cac254a5f3","https://avatars.githubusercontent.com/u/90105469","Stewart","Moretti","103","nl","Calligraphy|Baking|Hiking|Painting|Fishing|Photography|Swimming"
"b026ef62-39af-4e8e-b44d-ccfdc0017055","https://avatars.githubusercontent.com/u/92101220","Savasana","Mullane","44","ar","Calligraphy|Chess|Piano|Running|Skiing|Hiking|Cooking|Woodworking|Baking|Dancing"
"c17b6052-f527-4286-a002-7624d6c32142","https://avatars.githubusercontent.com/u/95836130","Moreno","Johnstone","68","se","Painting|Cooking|Baking|Traveling|Running|Chess|Reading|Fishing|Surfing"
"e08a8187-88ab-4632-8396-f94654d5f96e","https://avatars.githubusercontent.com/u/17105484","Sandra","Schaefer","9","my","Baking|Photography|Chess"
"c434bd20-833b-4475-89c0-c11800517287","https://cdn.jsdelivr.net/gh/faker-js/assets-person-portrait/female/512/46.jpg","Stephens","Schumann","84","co","Gaming|Running|Astronomy|Skiing|Cycling|Dancing|Birdwatching|Hiking|Woodworking|Piano"
"e93ab1bf-a358-4277-a167-cfdf1768d312","https://avatars.githubusercontent.com/u/46177369","Jocelyn","Schulze","95","th","Cooking|Hiking|Birdwatching|Reading|Skiing|Camping|Woodworking|Baking|Photography"
"ac9438da-7394-45ad-b147-47abfa3e5028","https://cdn.jsdelivr.net/gh/faker-js/assets-person-portrait/male/512/2.jpg","Joris","Smathers","75","ru","Swimming|Cycling|Origami"
"b50e372c-caf6-4893-bbfb-170af22b06ff","https://avatars.githubusercontent.com/u/17270785","Jonah","Moran","16","za","Writing|Chess|Birdwatching"
"b4cb563a-ebb5-49dd-b118-28c2888bf50c","https://avatars.githubusercontent.com/u/57213201","Sarah","Schultz","78","id","Fishing|Dancing|Woodworking|Reading|Origami"
"193abd46-17b3-42ad-bffd-20bbf25bea8c","https://cdn.jsdelivr.net/gh/faker-js/assets-person-portrait/female/512/30.jpg","Stanley","Mullan","35","ie",""
"40290aff-6087-46b6-93ef-6f3e960bde27","https://cdn.jsdelivr.net/gh/faker-js/assets-person-portrait/male/512/49.jpg","Savanna","Smith","70","my","Singing"
"d3f39f2b-66f6-4854-8791-9650dd867c16","https://avatars.githubusercontent.com/u/67464345","Stefan","Johwell","64","ie","Cycling|Swimming"
"0688852d-6367-4358-9fb6-a786d9bb4c8e","https://avatars.githubusercontent.com/u/85506405","Monroe","Schmidt","64","th","Hiking|Reading"
"b90bed85-5a6e-4e53-8b59-573778a4dc47","https://avatars.githubusercontent.com/u/83343247","Elizabeth","Matthews","92","no","Birdwatching"
"f43c496f-b6fe-4c84-9a2c-bfd3daee1403","https://avatars.githubusercontent.com/u/56258230","Monique","Schulze","102","bd","Gardening|Knitting|Birdwatching|Woodworking|Photography"
"d7f0c8ec-200d-48de-8d9b-b2464c9a359e","https://cdn.jsdelivr.net/gh/faker-js/assets-person-portrait/male/512/28.jpg","Sarah","Johnson","100","cn","Swimming|Guitar|Gaming|Traveling|Cycling|Yoga|Pottery"
"82dcd3c9-7638-4e32-8568-553863dc1854","https://cdn.jsdelivr.net/gh/faker-js/assets-person-portrait/male/512/53.jpg","Joanne","Morford","24","jp","Swimming|Singing|Woodworking|Painting|Gardening|Camping|Fishing|Birdwatching"
"3aec8c83-31a7-4f87-8ee4-82ab63208f3c","https://avatars.githubusercontent.com/u/78255391","Margaret","Mahabir","81","fr",""
"7f2f161b-8eff-4d2f-a6d2-9a5f6b0fa027","https://avatars.githubusercontent.com/u/32692527","Santino","Morris","61","ph","Gardening|Cooking|Gaming|Cycling|Reading"
"ed9ca22b-af4c-4d23-8acb-acc5a70509c8","https://cdn.jsdelivr.net/gh/faker-js/assets-person-portrait/female/512/27.jpg","Sage","Minter","96","fr","Writing|Surfing|Piano|Guitar"
"feb50f6b-a210-4304-acbc-27656a140060","https://avatars.githubusercontent.com/u/2809587","Montague","Johnson","20","in","Hiking|Guitar|Swimming|Baking|Cycling|Knitting|Skiing|Photography|Painting|Gaming"
"3b996d7f-a74b-48a7-afca-6769485b7ca7","https://cdn.jsdelivr.net/gh/faker-js/assets-person-portrait/female/512/12.jpg","Sally","Murphy","47","cl","Guitar|Cooking|Woodworking|Baking|Reading"
"8a6c1f73-5683-4177-a96e-dd056d970322","https://cdn.jsdelivr.net/gh/faker-js/assets-person-portrait/male/512/80.jpg","Monroe","Schall","65","cn","Reading|Surfing|Woodworking|Gaming|Knitting|Dancing"
"24df5511-569d-43da-84db-c9b95f3c77e8","https://avatars.githubusercontent.com/u/16891929","Stella","Mumm","94","ua","Birdwatching|Skiing"
"896119da-f398-4683-8520-afabc41ee9b8","https://cdn.jsdelivr.net/gh/faker-js/assets-person-portrait/female/512/19.jpg","Joellen","Anderson","1","fi","Writing"
"e11be7b9-7181-47a8-bb67-6754f66ea1d6","https://cdn.jsdelivr.net/gh/faker-js/assets-person-portrait/female/512/39.jpg","Sander","Smells","91","th","Baking|Fishing|Astronomy|Singing|Piano"
"d3a3d9d4-8437-49b8-b554-f6391d234c2c","https://avatars.githubusercontent.com/u/67855823","Stefan","Schurman","108","mx","Calligraphy|Dancing|Writing|Yoga|Photography|Traveling|Singing|Fishing|Knitting|Surfing"
"d0d69931-05ee-40d3-a826-712079f8776a","https://cdn.jsdelivr.net/gh/faker-js/assets-person-portrait/male/512/61.jpg","Morgan","Scott","60","gr","Writing|Fishing|Birdwatching|Piano|Guitar|Cycling"
"89d8c06e-3bd8-48a6-975a-47fb0de1fbab","https://avatars.githubusercontent.com/u/62480350","Modesto","Mullins","47","ua","Knitting|Pottery|Baking|Fishing|Photography|Reading"
"65ba421b-ca03-4538-9c8e-b6ca9242737d","https://avatars.githubusercontent.com/u/72632121","Jorgensen","Jones","112","pk","Chess|Camping|Surfing|Dancing|Gardening|Origami|Photography"
"9be5e8a5-0c5b-4725-ae8c-9f03631dce2d","https://cdn.jsdelivr.net/gh/faker-js/assets-person-portrait/male/512/98.jpg","Jocelyn","Smells","119","ae","Traveling|Yoga|Gardening|Hiking"
"3e36811e-6154-493c-ad62-1f88e7e66e5f","https://cdn.jsdelivr.net/gh/faker-js/assets-person-portrait/female/512/65.jpg","Sarah","Johnstone","44","in","Hiking|Photography|Skiing|Surfing|Calligraphy"
"7bc1b777-39ce-47fb-a922-1ee39c85b1c0","https://avatars.githubusercontent.com/u/9551477","Joshua","Lewis","93","ng","Gaming|Swimming"
"75faded4-db28-489e-bbc0-a67f45b088d2","https://avatars.githubusercontent.com/u/6464376","Daniel","Johny","95","pk","Knitting|Birdwatching|Pottery|Running|Origami"
"63b17a04-a9c6-4c29-8124-26dd233367f0","https://cdn.jsdelivr.net/gh/faker-js/assets-person-portrait/female/512/28.jpg","Moira","Minton","71","ng","Gardening|Traveling"
"1c7087b7-5765-49d0-ab89-25d8f1188385","https://avatars.githubusercontent.com/u/50901574","Moreno","Mahoney","49","il","Chess|Guitar|Origami|Calligraphy|Swimming|Fishing|Painting|Reading|Running|Astronomy"
"b0165527-6e5b-419f-9e73-a6beb437a19a","https://avatars.githubusercontent.com/u/75441446","Savasana","Johansen","8","be",""
"6b2189b3-5b83-4389-b4ac-f37f33b29b15","https://avatars.githubusercontent.com/u/41887066","Monroe","Schubert","91","cn","Astronomy"
"9139b882-3a9f-4b69-a578-2100afed5738","https://cdn.jsdelivr.net/gh/faker-js/assets-person-portrait/female/512/58.jpg","Savage","Mills","62","dk","Hiking|Cycling|Knitting|Baking|Reading|Gaming"
"0c52128c-3984-4601-8ffa-161aaa04f8d4","https://avatars.githubusercontent.com/u/63076395","Modena","Schaghticoke","41","cz","Woodworking|Birdwatching|Cycling|Origami|Fishing|Gardening"
"9e5c90ac-80fa-43a2-a927-1ab6c75a1692","https://avatars.githubusercontent.com/u/2419394","Montague","Smalls","65","vn","Origami|Pottery|Cycling|Painting|Running|Writing|Piano"
"a32279d1-b0ec-4659-bdbc-6af39e573af9","https://avatars.githubusercontent.com/u/14348802","Sara","King","84","pt","Piano"
"6ab47e88-70b9-4e75-aa90-757cf35c561f","https://avatars.githubusercontent.com/u/62801515","Joshua","Johanns","34","eg","Dancing"
"11124f2a-5a77-4c56-bea4-3c0916a7814b","https://avatars.githubusercontent.com/u/62483680","Morgan","Mahmood","103","za","Chess|Baking|Astronomy|Woodworking"
"868fdf90-9ef2-4dce-b1cd-88b63e9b5fee","https://cdn.jsdelivr.net/gh/faker-js/assets-person-portrait/female/512/47.jpg","Jovan","Lewis","105","at",""
"e8984379-3ce6-4743-a333-7ab5110d3286","https://cdn.jsdelivr.net/gh/faker-js/assets-person-portrait/female/512/61.jpg","Savasana","Smathurst","9","co","Piano|Painting|Reading|Hiking|Baking|Calligraphy|Birdwatching|Chess|Camping"
"d7325942-fcce-4671-8cd4-e329ad5fe12d","https://cdn.jsdelivr.net/gh/faker-js/assets-person-portrait/female/512/65.jpg","Jorgensen","Schall","15","ke","Pottery|Cycling|Swimming|Writing|Hiking|Dancing"
"beb6680a-7635-4a90-bbd0-d0a5a6e43c08","https://cdn.jsdelivr.net/gh/faker-js/assets-person-portrait/male/512/86.jpg","Sandra","Maher","67","lk","Chess|Singing|Hiking|Astronomy|Skiing"
"3c467e7d-ae25-48fc-97ce-e06a26ef14f6","https://cdn.jsdelivr.net/gh/faker-js/assets-person-portrait/male/512/47.jpg","Monroe","Schumacher","7","pl","Origami|Writing|Swimming|Dancing|Chess"
"583d6fe1-1dda-4a7f-926c-fb45fcb1079a","https://avatars.githubusercontent.com/u/77154740","Samson","Moretti","70","co","Surfing|Hiking"
"95388bdf-f2a0-495b-acdf-70eed5ebff2e","https://avatars.githubusercontent.com/u/6376934","Stephane","Johnsteen","41","au","Yoga|Fishing|Camping|Astronomy|Surfing|Cooking|Piano|Gaming|Hiking|Running"
"ecadd7d8-f7a2-42ac-89da-394d742b3154","https://avatars.githubusercontent.com/u/68334386","David","Smeltzer","1","ae","Calligraphy"
"638ca856-1e27-4589-b33b-446879819c9c","https://cdn.jsdelivr.net/gh/faker-js/assets-person-portrait/female/512/93.jpg","Elizabeth","Martinez","79","no","Gardening|Calligraphy|Guitar|Cycling|Singing|Gaming|Pottery|Skiing|Piano"
"b574bd8e-2761-4c79-99df-fdd35474760e","https://cdn.jsdelivr.net/gh/faker-js/assets-person-portrait/male/512/7.jpg","David","Morford","52","cn","Fishing|Traveling|Origami|Singing|Running|Woodworking|Gaming|Chess"
"9d891c34-22b0-48b7-b1c1-235d7a9d8a76","https://cdn.jsdelivr.net/gh/faker-js/assets-person-portrait/male/512/48.jpg","Monroe","Smolley","75","bd","Photography|Astronomy|Fishing|Pottery|Piano|Calligraphy"
"de064b6c-1cb3-452a-877e-cb5ff3bc90db","https://cdn.jsdelivr.net/gh/faker-js/assets-person-portrait/female/512/95.jpg","Jolene","Munsch","0","co",""
"18911073-f271-44cb-be60-6768b86c0ef0","https://avatars.githubusercontent.com/u/74887697","Monroe","Mullins","46","pk","Origami|Fishing|Surfing"
"02838421-7c40-4d56-af99-59f8fd754ecd","https://cdn.jsdelivr.net/gh/faker-js/assets-person-portrait/female/512/33.jpg","William","Mutchler","114","lk",""
"4f5337b1-a7b5-4cd0-900b-3eed3984814f","https://avatars.githubusercontent.com/u/69602871","Jovan","Schubert","17","au","Reading"
"187b9bdd-e621-45a5-ab26-9a008fc92f93","https://cdn.jsdelivr.net/gh/faker-js/assets-person-portrait/female/512/3.jpg","Sadie","Morford","63","us","Reading|Cycling|Yoga|Traveling|Pottery|Woodworking|Painting|Baking"
"98dc0117-fa8f-4d89-9414-91c5160e91c4","https://avatars.githubusercontent.com/u/37741319","Santos","Jones","5","za","Birdwatching|Cooking|Chess|Knitting|Reading|Camping|Swimming|Writing"
"6823baf2-42c4-41ca-879e-835cc06b495f","https://cdn.jsdelivr.net/gh/faker-js/assets-person-portrait/male/512/73.jpg","Morton","Williams","109","ph","Skiing|Gardening|Running|Astronomy|Photography"
"11ce39d4-882c-4b32-9517-e5f288bb7569","https://avatars.githubusercontent.com/u/8665270","Jocelyn","Schunk","13","ru","Hiking|Running|Knitting"
"f6b047e9-d0e4-4138-92d5-285640c9b8db","https://avatars.githubusercontent.com/u/72302215","Susan","Mullane","98","fi",""
"79c5a5c5-2ab3-4e73-b1c9-af430f51718d","https://avatars.githubusercontent.com/u/65512056","Jody","Martin","83","bd",""
"83f3fa81-3b98-471c-813e-c1fbd9c9a53d","https://cdn.jsdelivr.net/gh/faker-js/assets-person-portrait/female/512/45.jpg","Stefanell","Johanis","51","be","Calligraphy|Gaming|Swimming|Hiking|Yoga|Reading"
"8ea4cdb9-f6c8-4033-967a-d79fbc44b0f8","https://avatars.githubusercontent.com/u/12968400","Savasana","Schuster","59","vn","Guitar|Chess|Baking"
"89615df3-225e-480b-888d-a14ed03a801a","https://avatars.githubusercontent.com/u/96762759","Joel","Smallwood","70","gb","Piano|Gardening|Painting|Singing|Birdwatching|Gaming|Guitar|Traveling|Origami|Photography"
"ce502f98-e266-4258-bb13-d5f9bd34e592","https://avatars.githubusercontent.com/u/52638306","Jorgensen","Mutchler","75","ke","Dancing|Camping|Birdwatching|Photography|Yoga"
"01f10e1b-8fb2-4b92-bc18-da9a0c2388a0","https://avatars.githubusercontent.com/u/2225664","Barbara","Rodriguez","77","ar",""
"64aead0e-ef11-469d-abb3-e511ca18debe","https://cdn.jsdelivr.net/gh/faker-js/assets-person-portrait/female/512/48.jpg","David","Lee","34","co",""
"2b199765-7c5f-46ea-9de3-d23871c1ed5d","https://cdn.jsdelivr.net/gh/faker-js/assets-person-portrait/female/512/55.jpg","Steve","Milby","71","in",""
"e148738f-00df-4d1e-8c7d-3c57d8b51f36","https://cdn.jsdelivr.net/gh/faker-js/assets-person-portrait/female/512/58.jpg","Saundra","Johnstun","94","za","Traveling|Singing|Pottery|Skiing|Origami|Chess|Hiking"
"73d81fdc-983f-4be9-8b57-648c76f063ed","https://avatars.githubusercontent.com/u/58258472","Molly","Hernandez","112","nz","Swimming"
"69dc0392-b80c-466d-bd59-1c9606e49e64","https://cdn.jsdelivr.net/gh/faker-js/assets-person-portrait/male/512/46.jpg","Margaret","Mason","44","dk",""
"7a570049-ff88-4a76-95d1-662c88f83223","https://avatars.githubusercontent.com/u/81533357","Mohit","Morar","106","us","Yoga|Calligraphy"
"b07a6f53-0e47-4130-b309-8fa6f1818f2e","https://cdn.jsdelivr.net/gh/faker-js/assets-person-portrait/male/512/68.jpg","Stéphane","Murray","59","il","Painting|Birdwatching|Chess|Dancing|Gardening|Surfing|Knitting"
"f372ed62-c630-4115-9a0a-3bcd8eedb375","https://avatars.githubusercontent.com/u/5710424","Charles","Milcarek","2","bd","Singing|Piano|Fishing|Origami|Dancing|Gaming|Calligraphy"
"07e18222-64d8-4e35-bb82-76df321b6ac8","https://cdn.jsdelivr.net/gh/faker-js/assets-person-portrait/male/512/71.jpg","Sara","Moriarty","26","br","Knitting|Surfing|Guitar|Singing|Painting|Fishing|Cycling|Camping|Gardening"
"5ede7cc7-0ca5-44bd-9031-c344a14ffcd5","https://cdn.jsdelivr.net/gh/faker-js/assets-person-portrait/female/512/32.jpg","Jennifer","Milstead","37","at","Writing|Woodworking|Running|Baking|Camping|Cooking|Hiking|Swimming"
"3cb505da-e6c2-4f9c-bdfa-76461daa890d","https://avatars.githubusercontent.com/u/44719301","Stephanie","Mullin","0","fi","Camping|Knitting|Gaming"
"6522ad4e-609b-4689-beef-ba65d0209986","https://avatars.githubusercontent.com/u/90482549","Mortimer","Smathers","68","pl","Piano|Singing|Reading|Traveling|Photography|Writing|Cooking|Astronomy|Woodworking"
"ba112393-7659-4c40-82f7-ace07741cce0","https://avatars.githubusercontent.com/u/54584972","Modesto","Smit","46","be","Chess|Origami|Skiing"
"c1f4b1a6-b5e7-4bf1-9b43-46c8ecc84419","https://avatars.githubusercontent.com/u/2393300","Stewart","Morg","95","ke","Swimming|Pottery|Baking|Cycling|Gaming|Surfing|Writing"
"c99a0348-387e-4d00-a6fb-1c989b3d1d1c","https://avatars.githubusercontent.com/u/60037153","Stephens","Johanns","109","id","Writing|Camping|Piano|Calligraphy|Surfing|Fishing"
"9b3dd844-6ee0-4148-b762-1eda65d6904b","https://cdn.jsdelivr.net/gh/faker-js/assets-person-portrait/female/512/82.jpg","Steffen","Schultz","34","co","Piano"
"3768cd03-bcf5-4646-b8fc-69c71c0f032e","https://avatars.githubusercontent.com/u/65259681","Stanley","Morhardt","117","id","Hiking|Writing|Woodworking|Cycling|Birdwatching|Running|Singing|Piano|Chess|Knitting"
"7561e905-ee9e-4c28-8b7d-3efe3ea53e47","https://cdn.jsdelivr.net/gh/faker-js/assets-person-portrait/female/512/60.jpg","Jocelyn","Morello","90","vn","Origami|Surfing|Dancing|Writing|Fishing|Cycling"
"ec8f97c5-68e8-4aa8-b6bc-9b52b5d3ab07","https://cdn.jsdelivr.net/gh/faker-js/assets-person-portrait/male/512/99.jpg","Stella","Smola","114","ch","Knitting|Painting|Running|Traveling|Pottery|Chess|Gaming"
"15d7f118-2c4f-4e46-b12a-ca5b96016948","https://avatars.githubusercontent.com/u/12399021","Dorothy","Schulze","81","ie","Singing|Fishing|Writing|Reading|Cycling|Birdwatching|Pottery|Painting"
"4e86139b-f631-4b3f-b82e-0a3006aaaab1","https://cdn.jsdelivr.net/gh/faker-js/assets-person-portrait/male/512/81.jpg","Stefano","Smelts","116","nl","Camping|Woodworking|Baking"
"6bd4f182-22b0-4210-a5d1-f4037b859bee","https://avatars.githubusercontent.com/u/76230712","Jonny","Johanis","114","no","Photography|Running"
"4724667d-3b08-4967-b3c8-752049c77eb2","https://cdn.jsdelivr.net/gh/faker-js/assets-person-portrait/female/512/39.jpg","Modesto","Maxwell","39","id","Photography|Birdwatching"
"fb2ef14b-f40c-4929-87eb-e8cb2df24ee3","https://cdn.jsdelivr.net/gh/faker-js/assets-person-portrait/female/512/6.jpg","Santino","Mueller","93","gr","Writing|Photography|Dancing|Fishing|Astronomy|Skiing|Swimming"
"c478089e-8469-496f-970d-ec3492f5f70c","https://avatars.githubusercontent.com/u/44782997","Moira","Mills","84","ca","Skiing"
"9d481c15-5ace-4736-b352-10968ef68c65","https://cdn.jsdelivr.net/gh/faker-js/assets-person-portrait/female/512/39.jpg","Stephania","Smallwood","9","ca","Guitar|Skiing|Camping|Surfing|Reading|Chess|Hiking|Singing"
"29d6279b-c30a-493e-a278-00d2f826ef07","https://avatars.githubusercontent.com/u/2262071","Richard","Muse","93","eg","Piano|Gardening|Photography|Woodworking|Skiing|Cooking|Birdwatching"
"627bc96c-1609-4572-ae20-9257fc03c059","https://cdn.jsdelivr.net/gh/faker-js/assets-person-portrait/male/512/42.jpg","Santos","Johnsrud","71","gr","Painting|Yoga|Woodworking|Hiking"
"dafcf0ca-fbae-48eb-85bc-1f1568e9c6fc","https://avatars.githubusercontent.com/u/72496922","Monique","Mueller","42","sg","Piano|Skiing|Baking|Hiking|Knitting"
"61b49b86-840e-425a-a620-395dd521727e","https://avatars.githubusercontent.com/u/14105566","Savage","Mahabir","48","lk","Piano|Gaming|Running"
"3b2c6f01-06e0-4449-ad4c-77a5a5fd8d8e","https://cdn.jsdelivr.net/gh/faker-js/assets-person-portrait/female/512/47.jpg","Jody","Munday","21","ke","Fishing|Piano|Origami|Surfing|Calligraphy|Gardening|Camping|Swimming"
"f762b1fc-e22a-4f26-a434-a8c01c967667","https://avatars.githubusercontent.com/u/4551153","Mohamed","Smathelson","25","ru","Camping|Astronomy|Cooking|Calligraphy|Fishing|Hiking|Piano|Pottery"
"9b740d2c-7c52-4fa9-8056-67caee5d69f8","https://avatars.githubusercontent.com/u/63824611","Stephania","Brown","120","ae","Pottery|Cycling|Painting|Yoga|Swimming|Baking|Singing|Photography|Birdwatching|Skiing"
"5f4c132d-bb8a-4057-9cfb-395060a7e156","https://cdn.jsdelivr.net/gh/faker-js/assets-person-portrait/male/512/57.jpg","Daniel","Munsch","56","id","Painting"
"bd7e66ff-dff9-40a2-9fe6-1c8191dbe931","https://avatars.githubusercontent.com/u/58486098","Molly","Morello","109","eg","Fishing|Running|Knitting|Cycling|Camping|Gaming|Yoga|Painting|Chess|Swimming"
"ba5c27bd-8ae7-4484-95cb-575830c8f127","https://cdn.jsdelivr.net/gh/faker-js/assets-person-portrait/female/512/6.jpg","Steffen","Mahoney","27","ca","Photography"
"4f264b44-72d0-4c84-b324-e14e0e08dfbc","https://cdn.jsdelivr.net/gh/faker-js/assets-person-portrait/male/512/10.jpg","Saundra","Schneider","108","be","Knitting|Dancing|Cycling|Pottery|Singing"
"47167cba-8a06-48fb-9d01-4329a515bf5e","https://cdn.jsdelivr.net/gh/faker-js/assets-person-portrait/male/512/17.jpg","Samson","Johnstad","97","mx","Surfing|Singing|Cooking|Origami|Writing"
"bb4ad66b-66d2-4d23-ab15-c65e9e75631f","https://avatars.githubusercontent.com/u/22883128","Stéphane","Walker","77","ie","Piano|Fishing|Calligraphy"
"4e97297f-e482-4d42-916c-529efd34d52b","https://avatars.githubusercontent.com/u/20482740","Stephenie","Schumann","70","bd","Calligraphy|Hiking|Origami|Knitting|Surfing|Running"
"fc2161fc-631d-4813-9d19-3953436a0e93","https://avatars.githubusercontent.com/u/36552864","Montserrat","Schaefer","19","cn","Painting|Baking|Writing|Hiking"
"f6a25209-fc23-468e-b8c6-874363b685fa","https://cdn.jsdelivr.net/gh/faker-js/assets-person-portrait/male/512/84.jpg","Mary","Rodriguez","28","gb","Hiking|Piano|Camping|Photography|Skiing|Yoga|Running"
"4fa6fd94-ec08-4ea4-8d2d-f585551fc246","https://avatars.githubusercontent.com/u/54852677","Jonny","Murphy","7","in","Cooking|Origami|Painting|Dancing|Birdwatching|Calligraphy"
"c9635b61-992c-4bb5-aa48-6499405fdbf0","https://cdn.jsdelivr.net/gh/faker-js/assets-person-portrait/male/512/53.jpg","Morgan","Matheson","84","ae","Hiking"
"bfc01522-3cd7-4ea4-aa7f-890ac0636157","https://avatars.githubusercontent.com/u/78027023","Savage","Mullen","31","se","Gaming|Surfing|Fishing|Traveling|Dancing|Astronomy|Writing|Gardening|Baking"
"29f78bf6-5c9e-4f90-8d61-9d8e440aa2a7","https://cdn.jsdelivr.net/gh/faker-js/assets-person-portrait/female/512/65.jpg","Stanley","Schunk","47","in",""
"e2e28a3b-12e7-4f89-a54c-f17d801d8a24","https://avatars.githubusercontent.com/u/57190185","Dorothy","Mason","77","ru","Writing|Photography|Gaming|Pottery|Guitar|Astronomy|Swimming|Calligraphy"
"cb6f717e-06c5-4345-aa01-e435952fbd0a","https://avatars.githubusercontent.com/u/36974969","Morton","Mullens","72","pt",""
"db3e16d8-77b7-46b2-bf5a-6bb0a4801396","https://cdn.jsdelivr.net/gh/faker-js/assets-person-portrait/male/512/88.jpg","Stéphane","Mueller","77","br","Gaming|Painting|Camping|Chess|Writing|Pottery|Woodworking"
"2bff7574-52e8-4765-bf36-755d74e22e9f","https://avatars.githubusercontent.com/u/1472079","Stewart","Schumann","40","dk","Surfing|Origami|Gardening"
"562f9380-3a62-4596-896c-3cd5f5aeb98a","https://cdn.jsdelivr.net/gh/faker-js/assets-person-portrait/male/512/51.jpg","Savage","Smele","44","id","Pottery|Woodworking|Traveling|Knitting|Astronomy|Yoga|Swimming|Camping|Singing"
"0205a7ec-20e1-441a-a31a-da13291c01e2","https://avatars.githubusercontent.com/u/43084602","Michael","Smathelson","55","ru","Guitar|Cooking|Reading|Baking|Hiking|Gardening|Running|Traveling"
"44c90e64-bdc4-45fd-809f-9b357ff9a5d6","https://avatars.githubusercontent.com/u/49095095","Moira","Mullens","19","il","Calligraphy|Writing|Camping|Gaming|Hiking|Astronomy|Traveling|Yoga|Swimming"
"ad052380-56f4-407a-98ea-9a4bccedaa0a","https://avatars.githubusercontent.com/u/83466172","Stefanell","Munday","31","pk",""
"2e82e351-f6b4-4c78-bdcc-5934d3b84abb","https://cdn.jsdelivr.net/gh/faker-js/assets-person-portrait/male/512/86.jpg","Stefano","Minter","92","ru","Astronomy|Painting|Pottery|Hiking|Guitar|Baking"
"8c359487-a39a-4bd8-9e54-481c24b54c89","https://avatars.githubusercontent.com/u/34806331","Jonny","Schubert","0","us","Astronomy|Origami|Surfing|Baking|Woodworking|Pottery"
"0a8f9342-8821-4a89-bc92-a27f81efbe81","https://avatars.githubusercontent.com/u/23218560","Montague","Morey","53","ke","Cycling|Photography|Woodworking|Singing|Fishing|Guitar|Baking|Camping|Pottery"
"4b12c83b-d699-4212-8462-5d14b3842c42","https://avatars.githubusercontent.com/u/84322668","Margaret","Moore","84","fr",""
"33cb94be-0dcb-400f-bd33-3563aaab421c","https://cdn.jsdelivr.net/gh/faker-js/assets-person-portrait/female/512/42.jpg","Joseph","Walker","43","gb","Calligraphy|Painting|Surfing|Chess"
"62bcf1dd-d5c1-4141-87d1-86811a9329f2","https://cdn.jsdelivr.net/gh/faker-js/assets-person-portrait/male/512/50.jpg","Savina","Milcarek","26","ua","Calligraphy|Woodworking|Knitting|Gaming|Yoga|Guitar|Singing|Chess|Running|Birdwatching"
"97c70a07-cf0e-4bde-9403-7fc3d61fdac0","https://avatars.githubusercontent.com/u/16086439","Monique","Schaffrath","77","fr","Camping"
"c6ea833e-5631-44ad-98f0-92c702397291","https://cdn.jsdelivr.net/gh/faker-js/assets-person-portrait/male/512/84.jpg","Stephane","Joekel","93","cz","Photography|Astronomy|Calligraphy|Swimming|Guitar|Yoga|Writing|Chess"
"698e4f92-8c2e-47b0-897c-c3759973035c","https://avatars.githubusercontent.com/u/36115100","Richard","Schuman","52","nl","Dancing|Gardening|Astronomy|Photography|Traveling|Origami|Cycling|Swimming|Knitting"
"1b6133fd-fb25-4a02-a081-57d5a076d6f0","https://avatars.githubusercontent.com/u/27703322","Mordecai","Johansson","72","cl","Gaming|Piano|Writing|Traveling|Chess|Woodworking|Yoga|Dancing|Cooking|Knitting"
"30000520-4c50-40df-8625-bab76307d560","https://avatars.githubusercontent.com/u/78318447","James","Mutchler","46","gr","Swimming"
"11ec0436-23af-475b-817e-036da9a45990","https://avatars.githubusercontent.com/u/54691949","Joelson","Johnsteen","68","se","Swimming"
"46cf7017-0164-4932-b09a-12167e1e8f3f","https://avatars.githubusercontent.com/u/93752487","Stephon","Smolley","3","ch",""
"d0516bcb-55e5-421f-b104-63e540fd439c","https://cdn.jsdelivr.net/gh/faker-js/assets-person-portrait/female/512/95.jpg","Stefanie","Morgal","89","nz","Cooking|Writing|Dancing|Guitar|Astronomy"
"f048e592-eca8-439b-b752-8af21f606ba0","https://cdn.jsdelivr.net/gh/faker-js/assets-person-portrait/male/512/29.jpg","Joseph","Johnsen","17","nz",""
"4261012c-7f8a-4ecc-95af-14beee98388f","https://avatars.githubusercontent.com/u/34882437","Jorgensen","Smelts","60","ph","Fishing|Cooking|Swimming|Writing|Reading|Origami"
"d87d327b-7730-4b72-9e8b-fa1b2f098010","https://cdn.jsdelivr.net/gh/faker-js/assets-person-portrait/female/512/16.jpg","Daniel","Smathelson","6","ke","Gaming|Astronomy|Traveling|Running|Guitar|Skiing|Knitting|Camping|Pottery|Surfing"
"38c06ad1-bc3e-4012-b267-d519c86d03dc","https://cdn.jsdelivr.net/gh/faker-js/assets-person-portrait/male/512/81.jpg","Stephanie","Mull","55","nl","Knitting|Guitar|Gaming|Birdwatching|Woodworking|Chess|Calligraphy|Camping|Writing|Fishing"
"f4d59d3d-e712-413b-8508-f677864dad9f","https://avatars.githubusercontent.com/u/68419920","Stew","King","21","kr","Gaming|Yoga|Skiing|Origami|Birdwatching|Reading"
"c90c556d-3828-4d11-9160-68781cd44901","https://avatars.githubusercontent.com/u/39405906","Stefanie","Schumacher","47","jp","Woodworking|Photography|Pottery|Fishing|Chess|Birdwatching"
"00a2da4a-32ac-4e48-8ff4-2813c266cd19","https://avatars.githubusercontent.com/u/52300630","Jennifer","Morello","106","cz","Pottery|Swimming|Gardening|Traveling"
"16951f41-dd89-4ba6-91c4-30b512f6e382","https://avatars.githubusercontent.com/u/81049808","Sander","Smathelson","105","gr","Writing|Guitar"
"12eaed7a-2cfd-49a8-836a-080b249980bd","https://cdn.jsdelivr.net/gh/faker-js/assets-person-portrait/male/512/55.jpg","Joseph","Smelson","18","ie","Camping|Cycling|Traveling|Baking|Astronomy|Surfing|Cooking|Chess"
"c0cdcddf-71c8-40ca-b140-8f024661a950","https://cdn.jsdelivr.net/gh/faker-js/assets-person-portrait/female/512/63.jpg","Sage","Schaghticoke","11","it","Photography|Surfing|Painting|Dancing|Gardening|Woodworking|Traveling|Astronomy|Camping"
"b2980d93-e250-47ef-8418-8bd15cb163b2","https://avatars.githubusercontent.com/u/74348808","Steve","Mullis","28","ru","Cooking|Running|Guitar|Chess|Astronomy|Swimming|Surfing|Piano|Singing|Calligraphy"
"6ee91d77-1d4a-4093-a33d-ac3b871c9aaa","https://avatars.githubusercontent.com/u/86248867","Joel","Mahmood","36","dk","Birdwatching|Pottery|Swimming"
"d94494b7-320f-4d69-a467-3e637f8d4ea8","https://avatars.githubusercontent.com/u/78328290","Savina","Matheson","83","br",""
"4c523bf0-917a-4acc-aa2f-23b6f40dca87","https://avatars.githubusercontent.com/u/35925730","Monroe","Smock","68","it","Singing|Yoga|Photography|Calligraphy|Writing|Painting|Swimming|Reading|Astronomy"
"99cf7017-097b-4ca3-a547-5141553e4f81","https://cdn.jsdelivr.net/gh/faker-js/assets-person-portrait/female/512/14.jpg","Susan","Johansen","51","co","Skiing|Cooking|Woodworking|Knitting|Painting|Camping"
"d39ebbb1-9bb9-41fb-bb58-d8b4eb3e807e","https://avatars.githubusercontent.com/u/95261808","Steffen","Milstead","112","fr","Dancing|Astronomy|Chess|Hiking|Reading|Traveling|Writing|Calligraphy|Birdwatching"
"0331779b-09ce-43b8-9cb9-42afe1e43ee3","https://cdn.jsdelivr.net/gh/faker-js/assets-person-portrait/female/512/32.jpg","Stephania","Anderson","92","dk",""
"29ed0ffa-a8dc-415f-8ad5-21625c985eec","https://avatars.githubusercontent.com/u/29991941","Steve","Magnavox","13","jp","Guitar|Skiing"
"4d7c775a-d4a1-4045-b3c5-805345780334","https://avatars.githubusercontent.com/u/79517473","Stefano","Schall","5","kr","Singing|Camping|Swimming|Astronomy|Chess|Hiking|Fishing|Guitar|Pottery"
"2efdf55b-2466-488b-acbb-850d65cccb19","https://avatars.githubusercontent.com/u/56690658","Margaret","Moreau","119","nl",""
"df6966c4-04df-49bc-a7dd-c506642b2b1c","https://cdn.jsdelivr.net/gh/faker-js/assets-person-portrait/female/512/58.jpg","Stella","Maher","73","ua","Cycling"
"19557b6b-79f3-465e-b663-4bf8fdbffb95","https://avatars.githubusercontent.com/u/34613686","Mary","Milstein","103","my","Gardening|Birdwatching|Gaming|Cooking|Origami"
"97e64ef5-d4fe-4f83-9767-ec6cb0c55116","https://cdn.jsdelivr.net/gh/faker-js/assets-person-portrait/male/512/75.jpg","Sander","Minter","32","au","Surfing|Guitar|Writing|Dancing"
"0c9dd3c4-1990-40f4-90b2-7784dc6db972","https://avatars.githubusercontent.com/u/46267930","Santos","Schurman","100","ar","Woodworking|Guitar|Birdwatching|Dancing|Pottery|Origami|Camping|Traveling|Reading"
"0339c2b6-28bf-4518-b599-ff41e8384325","https://cdn.jsdelivr.net/gh/faker-js/assets-person-portrait/male/512/63.jpg","Patricia","Martinez","34","be","Swimming|Gaming"
"0dc618b4-af0e-45b8-aaa1-119880601fe0","https://cdn.jsdelivr.net/gh/faker-js/assets-person-portrait/female/512/31.jpg","Sara","Moriarty","90","be","Running"
"57913f21-1b42-4166-b95a-cff821cc531e","https://cdn.jsdelivr.net/gh/faker-js/assets-person-portrait/female/512/50.jpg","Savina","Miller","52","pe","Gardening"
"bd614b8f-6da3-461c-93a8-5ec3c53ee4ae","https://cdn.jsdelivr.net/gh/faker-js/assets-person-portrait/male/512/92.jpg","Thomas","Milstein","29","in","Skiing|Gardening|Fishing|Running|Baking|Calligraphy|Origami|Hiking|Chess"
"05fa7e82-679b-4c1a-96d5-54149ee2c40d","https://cdn.jsdelivr.net/gh/faker-js/assets-person-portrait/male/512/15.jpg","Modena","Moran","103","ae","Piano|Origami|Skiing|Woodworking|Cooking|Knitting|Astronomy|Gardening|Pottery|Fishing"
"9f9ea643-d6d7-48d1-858a-076eca06fa63","https://cdn.jsdelivr.net/gh/faker-js/assets-person-portrait/female/512/11.jpg","Thomas","Munchel","48","cl","Guitar|Cycling|Pottery|Running|Birdwatching"
"b366a99f-f84d-4ce7-aa88-a11c16adbb83","https://avatars.githubusercontent.com/u/45024501","Richard","Milstein","29","ca","Singing|Fishing|Cooking|Skiing|Calligraphy"
"ee5346a3-d82f-4995-8fd0-c71d0a1b8824","https://avatars.githubusercontent.com/u/14236117","Sara","Schuster","106","it","Birdwatching|Gaming"
"bccd16ef-b926-49bf-80a7-71b5acbfca8f","https://cdn.jsdelivr.net/gh/faker-js/assets-person-portrait/female/512/64.jpg","Michael","Milton","33","de","Calligraphy|Pottery|Fishing|Photography|Woodworking|Running|Camping"
"7472f1db-f0e4-4498-968e-11fdef095924","https://avatars.githubusercontent.com/u/42459353","Molly","Muse","97","it","Origami"
"89478754-4810-4856-a092-a4a22621fabc","https://avatars.githubusercontent.com/u/63244162","Santos","Smeltzer","103","pk","Birdwatching|Surfing|Singing|Camping|Piano|Woodworking"
"fdc63d01-9ecd-4d86-82e4-fa6e50f7ba25","https://avatars.githubusercontent.com/u/20273439","Stephens","Munchel","109","za","Surfing|Painting|Cycling|Origami"
"960a8d64-dae0-4f66-b17c-6de73b658b86","https://cdn.jsdelivr.net/gh/faker-js/assets-person-portrait/male/512/78.jpg","Stefan","Morris","120","ru","Fishing"
"45f4a897-73c2-41b3-b93a-fb9d8056850d","https://avatars.githubusercontent.com/u/88542658","Monroe","Mullens","14","pe","Cycling|Fishing"
"ba675d76-8ba5-43a7-804a-2153cc1aff75","https://avatars.githubusercontent.com/u/45650588","Jennifer","Schaffrath","115","ar",""
"425257af-bb61-426f-8149-26f76fd3e135","https://cdn.jsdelivr.net/gh/faker-js/assets-person-portrait/female/512/55.jpg","Mordecai","Muse","43","my","Singing|Astronomy|Writing"
"6be2100b-0918-408d-beda-2d5b1886eb0e","https://avatars.githubusercontent.com/u/99087100","Steven","Mutchler","106","in","Baking|Pottery|Skiing|Birdwatching|Astronomy|Calligraphy|Hiking|Woodworking"
"c7d6f9c8-fd8f-46f4-a87b-0fc64e1cffeb","https://avatars.githubusercontent.com/u/89927654","Savanna","Johnstone","118","it","Traveling|Piano|Gardening|Astronomy|Singing|Birdwatching"
"eeaa5669-0299-4902-bdcc-20e198925415","https://avatars.githubusercontent.com/u/58475035","Jody","Johansson","31","gr","Pottery|Photography|Traveling|Dancing|Birdwatching|Woodworking"
"dce05a8e-06f8-457d-baaa-cdca9a59a17f","https://avatars.githubusercontent.com/u/71693329","Mordecai","Schuster","73","ua","Birdwatching|Woodworking|Hiking|Fishing|Swimming|Cycling|Running|Photography"
"07659cf8-2a9d-4693-80c6-bf2d14070bbf","https://avatars.githubusercontent.com/u/44896095","Montague","Milholland","62","es","Yoga|Guitar|Fishing|Cycling|Baking|Camping|Birdwatching|Photography|Painting"
"76956f88-2ffd-4a90-bdf3-8634831cc6a2","https://cdn.jsdelivr.net/gh/faker-js/assets-person-portrait/male/512/19.jpg","Stephania","Schuman","70","es",""
"c0b402c5-644e-44e9-87df-746c3fd20c0c","https://avatars.githubusercontent.com/u/59252767","Samson","Johnsen","85","nz","Running|Singing|Cooking|Painting|Camping|Traveling|Guitar|Calligraphy|Gardening"
"1eaf1cc5-e38e-48ed-a95d-1016b4e67c10","https://avatars.githubusercontent.com/u/96611355","Linda","Smelson","22","nz","Calligraphy|Surfing|Gardening|Camping|Painting|Swimming|Astronomy|Piano|Woodworking|Cooking"
"25e7069c-01da-4350-af74-9cdb000f6244","https://cdn.jsdelivr.net/gh/faker-js/assets-person-portrait/male/512/84.jpg","Stephens","Johansen","48","th",""
"51306422-a0bf-42da-839f-aa0a8c42a7e7","https://avatars.githubusercontent.com/u/70072187","Morton","Mullin","58","ca","Pottery|Gardening"
"70b3a107-02b9-43df-8789-9f001ebf72f1","https://avatars.githubusercontent.com/u/92169489","Mordecai","Jackson","119","il","Knitting|Running"
"6947c01d-9aef-4bf4-a5e2-17456e6bfabe","https://avatars.githubusercontent.com/u/97622384","Daniel","Jones","97","it","Piano|Pottery|Yoga|Astronomy|Running|Calligraphy|Fishing|Skiing"
"58323bb2-d460-492a-8385-783e56706593","https://cdn.jsdelivr.net/gh/faker-js/assets-person-portrait/female/512/12.jpg","Steffen","Smelts","82","sg","Skiing|Fishing|Guitar|Gardening|Astronomy|Cooking|Piano|Knitting|Swimming"
"f2fd8281-8fd4-4d6d-8f9c-458276a8e59d","https://avatars.githubusercontent.com/u/82449958","Steven","Jackson","46","us","Birdwatching"
"52e2a444-faf3-49c3-865b-1463f8d537cd","https://cdn.jsdelivr.net/gh/faker-js/assets-person-portrait/male/512/16.jpg","Sander","Moore","78","at","Reading|Yoga|Swimming|Knitting|Hiking"
"c55835c0-bfd4-41d4-9e41-da58d0a5df91","https://cdn.jsdelivr.net/gh/faker-js/assets-person-portrait/male/512/32.jpg","Moritz","Smolinski","48","il","Calligraphy|Skiing|Gaming|Baking|Swimming|Writing|Woodworking|Reading|Singing|Cooking"
"41fb2c52-5f6a-4cb4-a8e5-a0ea8488d89f","https://cdn.jsdelivr.net/gh/faker-js/assets-person-portrait/male/512/66.jpg","Stephen","Johnstad","70","it","Calligraphy"
"2b408402-8d66-4197-95fc-2566208d5ab5","https://avatars.githubusercontent.com/u/70709500","Montserrat","Morg","79","ch","Gardening|Gaming|Camping"
"de210bda-6d6c-452d-8a34-61276fce0e4b","https://cdn.jsdelivr.net/gh/faker-js/assets-person-portrait/female/512/85.jpg","Sadie","Garcia","49","nl","Calligraphy|Yoga|Origami|Photography|Camping|Chess|Gaming|Knitting"
"8e0af1fb-9f7c-4d69-8e33-775f8e3fe840","https://cdn.jsdelivr.net/gh/faker-js/assets-person-portrait/female/512/12.jpg","Stéphane","Johl","74","gb","Swimming|Chess|Cooking|Knitting|Writing|Hiking|Calligraphy|Skiing|Reading"
"5d47be75-6e10-4046-a9ca-b47ea55f3470","https://avatars.githubusercontent.com/u/62614259","Jody","Maynard","62","lk","Surfing|Photography|Baking"
"7e7570d3-93cd-44ac-aec8-b101df028c31","https://avatars.githubusercontent.com/u/49156544","Sarah","Smalls","80","at","Traveling|Swimming|Pottery|Running|Gardening|Piano|Surfing|Chess|Skiing|Calligraphy"
"59c73b3b-66bd-4474-a3ce-cf9d6fdaa4ab","https://avatars.githubusercontent.com/u/1443137","Montserrat","Smolinski","33","gb","Fishing|Yoga|Reading|Baking|Woodworking|Chess|Writing|Pottery|Singing|Painting"
"3f6728bc-32d8-469e-956e-bc75c5c378dc","https://cdn.jsdelivr.net/gh/faker-js/assets-person-portrait/male/512/48.jpg","Morgan","Morar","5","cn","Camping"
"430e11f6-8a6d-4e00-b39e-ea8c23935b5d","https://avatars.githubusercontent.com/u/11688815","Jovan","Mahabir","22","ar","Fishing"
"7f5b2074-dac9-4724-9319-7625b9e854cb","https://cdn.jsdelivr.net/gh/faker-js/assets-person-portrait/male/512/97.jpg","Morton","Taylor","89","th","Camping|Chess"
"eceb0091-af0e-4f2e-9b44-f356fb42822d","https://cdn.jsdelivr.net/gh/faker-js/assets-person-portrait/female/512/76.jpg","Stella","Martin","8","ae",""
"827effc6-e184-4bb7-899f-8575ab0df902","https://cdn.jsdelivr.net/gh/faker-js/assets-person-portrait/female/512/17.jpg","Jennifer","Johwell","104","au","Yoga|Calligraphy|Gaming|Birdwatching|Guitar|Surfing|Cooking|Piano|Writing"
"be3f8b54-9e32-4f1f-a616-6a509ca73590","https://cdn.jsdelivr.net/gh/faker-js/assets-person-portrait/female/512/28.jpg","Stephen","Johansen","91","ae","Swimming|Chess|Cycling|Surfing|Reading|Cooking|Writing|Dancing"
"141ef3bd-437f-44e1-b065-d4cf4e9c46fc","https://cdn.jsdelivr.net/gh/faker-js/assets-person-portrait/female/512/72.jpg","Stephens","Moran","118","jp","Cycling|Chess|Guitar|Painting|Birdwatching"
"65c0fcc8-9419-47f7-9db1-30db952a0a66","https://avatars.githubusercontent.com/u/66472493","Daniel","Mahan","90","cn","Running|Cooking|Skiing|Cycling"
"f0df61cb-011c-4627-b76f-68ce9c7548de","https://cdn.jsdelivr.net/gh/faker-js/assets-person-portrait/male/512/47.jpg","Stephens","Smalls","13","in",""
"93e1c37d-c39c-4071-a4fb-d2d40bdedaad","https://cdn.jsdelivr.net/gh/faker-js/assets-person-portrait/female/512/66.jpg","Jody","Murray","71","my",""
"9fdeaca1-4dc9-4c40-9d86-4a84940b563b","https://avatars.githubusercontent.com/u/46392255","Joellen","Johny","70","ca","Gardening|Yoga|Swimming|Woodworking|Skiing|Painting|Running"
"9102807a-8019-4dc2-8c3d-1f2c0a3a866b","https://cdn.jsdelivr.net/gh/faker-js/assets-person-portrait/male/512/49.jpg","Mohit","Schaefer","2","cl","Camping|Yoga|Birdwatching|Gaming|Writing|Baking|Running"
"503b9a4f-1b0b-4c3c-bff1-556087882b37","https://avatars.githubusercontent.com/u/25488373","Thomas","Johl","1","dk","Chess"
"dc8f7dba-7f74-4f37-83e6-1be0ecb7cc93","https://avatars.githubusercontent.com/u/3067682","Molly","Morford","100","pe","Reading|Surfing|Hiking"
"17626e74-c4d7-4aef-b4f5-ba2c2ca11252","https://cdn.jsdelivr.net/gh/faker-js/assets-person-portrait/male/512/14.jpg","Moira","Schaghticoke","66","in","Surfing|Astronomy|Gardening|Fishing|Hiking|Guitar"
"bfd1aeb4-7826-4d9a-8880-772592808ff0","https://cdn.jsdelivr.net/gh/faker-js/assets-person-portrait/male/512/0.jpg","Jorgensen","Schunk","61","sa","Photography|Origami|Astronomy|Writing|Swimming|Gaming"
"05dc7239-e53c-435d-9450-cd054394cf56","https://cdn.jsdelivr.net/gh/faker-js/assets-person-portrait/male/512/91.jpg","Robert","Morin","109","ng","Yoga|Fishing"
"3e621219-57c2-49e0-8057-4ea46d1e53b9","https://avatars.githubusercontent.com/u/47674082","Morton","Moran","10","ie","Chess|Piano|Singing|Guitar|Hiking|Painting|Writing"
"90b6d972-c9d1-46a8-8b5e-cc62f4e444d5","https://cdn.jsdelivr.net/gh/faker-js/assets-person-portrait/male/512/78.jpg","Sadie","Milne","69","pt","Traveling|Painting|Cycling|Writing|Calligraphy"
"a2025417-2571-4e2a-9db4-febfe58b5827","https://cdn.jsdelivr.net/gh/faker-js/assets-person-portrait/male/512/18.jpg","Stephon","Rodriguez","74","au","Singing|Astronomy|Cycling|Piano|Dancing|Origami|Writing|Photography|Hiking"
"eddf9adf-2cd3-4254-8658-b2e1b24e3d25","https://avatars.githubusercontent.com/u/53452753","Richard","Johnstone","102","jp",""
"bd564f6c-9cb6-4fb7-b177-550cba2519c4","https://avatars.githubusercontent.com/u/92031398","Savage","Lee","108","cz","Pottery|Dancing|Gardening"
"2225c093-3690-4561-ae12-aa15d4bbb2f2","https://cdn.jsdelivr.net/gh/faker-js/assets-person-portrait/female/512/56.jpg","Jocelyn","Mori","52","sg","Guitar"
"8d603668-a602-40c2-8130-fec3136c9345","https://avatars.githubusercontent.com/u/38625842","Modena","Johanis","38","my","Calligraphy|Gaming|Surfing|Cooking|Camping|Traveling"
"5a6cfecf-8581-449e-b111-775fa3fb00b3","https://avatars.githubusercontent.com/u/6675412","Susan","Mitchell","91","be","Gardening|Cooking|Yoga|Painting"
"ba4a17bd-ba8b-4477-a4b7-7ceedb50d843","https://cdn.jsdelivr.net/gh/faker-js/assets-person-portrait/female/512/97.jpg","Savage","Schaefer","68","nl","Dancing|Fishing|Yoga|Writing"
"4ec3ba13-7a01-45f5-9ad0-6254d2a646da","https://cdn.jsdelivr.net/gh/faker-js/assets-person-portrait/male/512/53.jpg","Monique","Lewis","54","tr","Writing|Photography|Traveling|Painting"
"f616871d-1cd9-45d4-9651-f09ea327fda1","https://avatars.githubusercontent.com/u/33304463","Stew","Magnavox","26","in","Running|Cycling|Pottery|Gaming|Gardening|Dancing|Painting|Piano|Cooking"
"22d74412-665b-4dbb-9607-096aa717f804","https://cdn.jsdelivr.net/gh/faker-js/assets-person-portrait/male/512/91.jpg","Mohan","Schaffner","82","no","Origami|Gardening|Photography|Fishing|Calligraphy|Skiing|Birdwatching|Chess"
"c77b39a6-3c5b-47c3-b7bf-f54c247290a6","https://cdn.jsdelivr.net/gh/faker-js/assets-person-portrait/female/512/65.jpg","Margaret","Mullane","36","dk",""
"0b247b1a-8128-49af-8229-ab8fc87e9594","https://avatars.githubusercontent.com/u/45405999","Joseph","Mullan","85","eg","Photography|Reading|Cooking|Traveling|Fishing"
"aca79db8-de23-46c4-9a77-c903de4621e9","https://cdn.jsdelivr.net/gh/faker-js/assets-person-portrait/female/512/0.jpg","Jonny","Smolinski","82","nl","Piano|Reading|Painting|Origami|Skiing|Running|Dancing"
"2d73c138-1f2c-41ea-acf0-5d0bc81dfa79","https://cdn.jsdelivr.net/gh/faker-js/assets-person-portrait/male/512/48.jpg","Stefan","King","49","cn","Astronomy|Woodworking|Surfing|Gaming|Gardening"
"cd3f7aa4-2006-48d5-9d38-a7f91a6b407a","https://avatars.githubusercontent.com/u/84356767","Jolene","Milstead","89","fr","Reading|Knitting"
"79bc4d55-2cef-4509-81cb-a0e526cfb4bd","https://avatars.githubusercontent.com/u/84710404","Savasana","Morgan","8","pk","Painting"
"19a51167-7954-4eff-84c7-93b2f39720f2","https://cdn.jsdelivr.net/gh/faker-js/assets-person-portrait/female/512/97.jpg","Steffen","Johnsrud","69","cl","Piano|Origami|Reading|Woodworking|Traveling|Swimming"
"e0dae794-b712-48c4-9991-faa075e85e47","https://cdn.jsdelivr.net/gh/faker-js/assets-person-portrait/male/512/24.jpg","Stephen","Johwell","107","de",""
"93a19194-de92-4a64-b2fa-da97bcb982f3","https://avatars.githubusercontent.com/u/67658815","Daniel","Hernandez","39","jp","Gaming|Pottery|Chess|Piano|Fishing|Baking|Painting"
"f5268e97-cfd1-4f2d-9f7e-019913e393e4","https://cdn.jsdelivr.net/gh/faker-js/assets-person-portrait/female/512/77.jpg","Stephen","Morrison","7","ua","Singing|Calligraphy|Traveling|Dancing|Yoga|Photography"
"2fed33e2-bf23-4ca0-a406-06f433b8c00b","https://avatars.githubusercontent.com/u/5379348","Daniel","Morgan","104","cl","Calligraphy"
"96315107-eae7-4571-b1d9-83612f3b113a","https://avatars.githubusercontent.com/u/47531054","Sander","Schumacher","66","it","Gaming|Painting|Pottery"
"360dcd85-dd75-455b-b0b8-5f8f85a640af","https://cdn.jsdelivr.net/gh/faker-js/assets-person-portrait/male/512/71.jpg","Samantha","Smallwood","81","ar","Pottery|Origami"
"1e7ccda8-e8fc-494d-9ff5-4b09f8532dd9","https://avatars.githubusercontent.com/u/40060906","Joellen","Johansson","70","gr",""
"d9638952-6eca-40db-bf8e-1b6ba8ad811f","https://avatars.githubusercontent.com/u/78858188","Savage","Smallwood","72","dk","Reading"
"1a8a4e6b-5e43-4c8c-91c3-ebeb3dcffe7a","https://avatars.githubusercontent.com/u/23014331","Joelson","Mahmood","67","se","Chess"
"03a917bf-1d28-4582-b47c-265ac6db78c4","https://avatars.githubusercontent.com/u/22483157","Steffen","Johnstone","16","nl","Gardening|Fishing|Chess|Pottery"
"1e141e98-433b-43cd-971e-f1ebc13dc7ed","https://avatars.githubusercontent.com/u/5581253","Monroe","Jackson","75","lk",""
"8e87bee7-915e-4290-92ed-0647169470e4","https://avatars.githubusercontent.com/u/42790690","Stephania","Smele","6","it","Singing|Cycling|Woodworking|Skiing|Hiking|Gaming|Chess|Piano|Gardening|Swimming"
"08cb542e-51ff-49d9-ac0c-277609bb4de7","https://cdn.jsdelivr.net/gh/faker-js/assets-person-portrait/female/512/37.jpg","Jorgensen","Smathers","43","pl","Writing|Piano|Astronomy|Reading|Surfing|Chess|Gardening"
"23a550fc-a7c6-4ce1-9e87-3a0ff22cc0b7","https://avatars.githubusercontent.com/u/91190021","Moreno","Williams","59","pt","Painting"
"d3b80af4-3d48-40aa-8825-e6e82d2470e5","https://avatars.githubusercontent.com/u/69799565","Stefanell","Smock","66","cz","Singing|Knitting|Skiing|Chess|Guitar|Camping"
"209c613b-28f9-4e09-abfd-387a35403cd6","https://cdn.jsdelivr.net/gh/faker-js/assets-person-portrait/male/512/84.jpg","Moritz","Schall","47","es","Baking|Origami|Swimming|Skiing|Chess|Piano|Hiking|Writing|Singing|Cooking"
"6cfd166e-3835-4944-9a27-1785ecda01a9","https://cdn.jsdelivr.net/gh/faker-js/assets-person-portrait/female/512/84.jpg","Josey","Muse","104","vn","Astronomy|Camping|Skiing"
"b509fdbe-a301-45c2-936e-b8e3f28213b6","https://cdn.jsdelivr.net/gh/faker-js/assets-person-portrait/male/512/39.jpg","Stella","Walker","39","us","Painting|Surfing|Woodworking|Gaming|Fishing|Knitting|Swimming|Skiing|Camping"
"b17fbb43-bd04-4ccc-93bc-2163f1d2ce7e","https://avatars.githubusercontent.com/u/27659900","Daniel","Schmidt","89","au","Pottery"
"f033757d-e275-4b11-9d4d-6d2055f8bf12","https://avatars.githubusercontent.com/u/19141460","William","Manson","68","pl","Writing|Knitting|Gardening"
"8bd3cb74-e0c9-48e9-af08-147ed5f975ad","https://avatars.githubusercontent.com/u/23922953","Stefanie","Schurman","60","ar","Chess|Running|Origami|Calligraphy|Traveling|Hiking|Cooking|Dancing|Piano"
"a8232564-7423-4423-9058-b302eec46873","https://avatars.githubusercontent.com/u/54690310","Sarah","Milford","28","it","Astronomy|Traveling"
"b3407d29-85f1-42c8-8d6c-89fda7bfabbb","https://avatars.githubusercontent.com/u/50394191","Joris","Schurz","9","sg","Traveling|Hiking|Painting|Yoga|Calligraphy|Skiing|Writing"
"9ec5dab9-98ca-4fd1-8931-cb404aaf110e","https://cdn.jsdelivr.net/gh/faker-js/assets-person-portrait/male/512/99.jpg","Jovan","Milgram","20","jp","Painting|Traveling|Birdwatching"
"bd259525-b796-4dd5-a6d1-9847c543a101","https://cdn.jsdelivr.net/gh/faker-js/assets-person-portrait/male/512/57.jpg","William","Munchel","28","ae","Woodworking|Traveling|Reading|Piano|Birdwatching|Skiing|Running|Calligraphy|Camping"
"9f04519c-1947-454c-84c0-d080a88ce85d","https://cdn.jsdelivr.net/gh/faker-js/assets-person-portrait/male/512/79.jpg","Jolene","Martinez","96","us","Dancing|Writing|Origami|Baking|Pottery|Woodworking"
"2227ca8c-2ba2-455b-9323-2e50398e61dc","https://cdn.jsdelivr.net/gh/faker-js/assets-person-portrait/male/512/58.jpg","Jonny","Morgan","97","gb","Piano|Gaming|Painting|Writing|Swimming|Hiking|Reading"
"f7ac0758-7e66-4a5b-986f-1b5aadd6bf3b","https://avatars.githubusercontent.com/u/78798681","Joaquin","Mutchler","22","il","Reading|Fishing|Dancing|Knitting|Cycling"
"7a248eae-9f7d-4599-b049-20a44341df6a","https://avatars.githubusercontent.com/u/24629620","Stephania","Johny","80","ru","Cycling|Photography|Writing|Hiking|Knitting|Woodworking|Swimming|Surfing|Gardening|Skiing"
"2caf5a11-8681-4c3c-b841-16dc5dac6e9d","https://avatars.githubusercontent.com/u/87874874","David","Maxwell","41","se","Traveling|Hiking|Pottery|Skiing|Piano|Camping|Yoga|Surfing|Cooking|Gardening"
"0a76c5cd-2801-49d9-ac94-d5521ced299b","https://cdn.jsdelivr.net/gh/faker-js/assets-person-portrait/male/512/20.jpg","Sandra","Morrison","74","pl","Birdwatching"
"0d223d0a-4f0b-4338-b17d-49ecb7b7de45","https://avatars.githubusercontent.com/u/98081715","Jonathan","Mork","107","gb","Piano"
"fa9d2fe6-bdda-4f3c-87dd-87c351b49cb6","https://cdn.jsdelivr.net/gh/faker-js/assets-person-portrait/male/512/10.jpg","Stanley","Smele","35","ru","Swimming|Writing|Traveling|Baking|Knitting|Skiing"
"caaa54fd-c7a2-483b-a641-84f422062f7b","https://avatars.githubusercontent.com/u/69977290","Saul","Smelts","5","it","Gardening"
"4704c483-55df-45ed-9d2f-16bb8fd9ee55","https://avatars.githubusercontent.com/u/51574618","Jolene","Smells","70","sg","Skiing|Guitar|Running|Origami|Dancing|Cooking|Cycling|Piano|Reading"
"301ad89e-3f0c-4bc5-87be-00a6576d5b88","https://avatars.githubusercontent.com/u/12377096","Stephens","Milne","31","au","Yoga|Pottery|Singing|Baking|Running"
"73af4905-abc4-4288-a0ef-4f6fe0becdc6","https://cdn.jsdelivr.net/gh/faker-js/assets-person-portrait/female/512/38.jpg","Samuel","Johannsen","84","nz","Gardening|Camping|Yoga|Guitar|Skiing|Singing|Piano|Fishing|Origami|Surfing"
"f7221c75-fe03-4143-9045-4208add5b2bb","https://cdn.jsdelivr.net/gh/faker-js/assets-person-portrait/female/512/45.jpg","Jocelyn","Jones","87","fr","Dancing|Fishing|Traveling|Running|Skiing|Yoga|Gaming"
"c999be2d-0406-4d72-a7af-cdd7a05cf292","https://avatars.githubusercontent.com/u/83753394","Stephania","Mori","25","sg",""
"94e9ee26-841d-4677-9fe5-285e515e73a8","https://avatars.githubusercontent.com/u/2184443","Stephane","Schubert","97","ae","Astronomy|Calligraphy"
"476e2b1f-95c4-4e6c-9a13-f1347cd655fa","https://cdn.jsdelivr.net/gh/faker-js/assets-person-portrait/male/512/55.jpg","David","Johansen","87","gb","Baking|Piano|Yoga|Surfing|Calligraphy|Painting|Camping"
"d59042b3-ca77-41c8-88e7-08776dab34fa","https://cdn.jsdelivr.net/gh/faker-js/assets-person-portrait/male/512/52.jpg","Moira","Milstead","32","sa","Baking|Origami|Chess|Yoga|Knitting|Skiing|Swimming|Reading|Astronomy"
"0579ab08-b752-46a3-b239-5bcf542cbf7f","https://cdn.jsdelivr.net/gh/faker-js/assets-person-portrait/male/512/8.jpg","Stephane","Morhardt","46","gb","Gaming|Reading|Cycling|Running|Writing"
"f11c5e9e-e3cc-487e-9204-d3b342414577","https://avatars.githubusercontent.com/u/18366859","Josey","Schumann","10","pk","Chess"
"8e6164ec-b6d8-4549-b685-5f5c69fbd176","https://avatars.githubusercontent.com/u/46806355","Samson","Minter","19","ae","Reading|Yoga|Guitar"
"815275a7-9ddf-44b0-b315-9df6a2ed21fb","https://avatars.githubusercontent.com/u/10002244","Sander","Maynard","53","au","Baking|Calligraphy|Origami|Photography|Fishing|Painting|Singing|Cooking|Camping|Piano"
"b677b8b2-5163-45f1-b969-dacf78fa2d12","https://cdn.jsdelivr.net/gh/faker-js/assets-person-portrait/male/512/49.jpg","Stephanie","Morello","51","it",""
"df01f6be-a244-41ba-8039-df02f0ce27d9","https://cdn.jsdelivr.net/gh/faker-js/assets-person-portrait/female/512/71.jpg","Stefanell","Johnstad","94","th","Guitar|Surfing|Camping|Cooking|Pottery|Gaming|Origami"
"c766355e-025c-4581-8ed6-e8ec8aef4f78","https://cdn.jsdelivr.net/gh/faker-js/assets-person-portrait/female/512/89.jpg","Jorgensen","Lewis","49","fi","Hiking|Camping|Birdwatching"
"fa6ce5c8-f53b-4972-9c0c-050658577cdb","https://cdn.jsdelivr.net/gh/faker-js/assets-person-portrait/male/512/95.jpg","Savanna","Miley","0","ua","Astronomy|Traveling|Fishing|Swimming|Dancing|Singing|Photography|Pottery|Origami"
"d1d6ec10-5865-4024-83ee-fe6117c3c86f","https://avatars.githubusercontent.com/u/95004507","John","Mahone","89","es","Skiing|Baking|Cycling|Traveling|Cooking|Reading|Woodworking|Dancing|Swimming"
"9720fc1d-2cb2-4f50-b723-75a0482f99eb","https://avatars.githubusercontent.com/u/50429946","Stephanie","Johnstad","2","se",""
"716fe244-2a88-47f6-b0c1-f2ab0fb0c6df","https://cdn.jsdelivr.net/gh/faker-js/assets-person-portrait/male/512/20.jpg","Steve","Milstead","71","il","Baking|Hiking|Gardening"
"84078c19-53c8-432d-8394-d1f846d3da70","https://avatars.githubusercontent.com/u/59367986","Joseph","Maggio","90","au","Cooking|Camping"
"48a76822-fa87-4d53-9a10-ec10419cd5fc","https://cdn.jsdelivr.net/gh/faker-js/assets-person-portrait/female/512/52.jpg","Monroe","Johansen","18","co","Origami|Dancing|Gaming|Writing|Woodworking"
"ca4141a6-5a6e-47e8-aa7c-6c9f2a03935b","https://cdn.jsdelivr.net/gh/faker-js/assets-person-portrait/female/512/25.jpg","Mohit","Miller","95","ae","Reading|Piano|Photography|Swimming|Knitting|Cycling|Fishing|Woodworking"
"28b5ee81-8f06-4189-b260-1fd0b7a10e61","https://cdn.jsdelivr.net/gh/faker-js/assets-person-portrait/male/512/18.jpg","Joseph","Mork","101","no","Chess|Painting|Cycling|Pottery|Gardening"
"db7b1991-abf5-48b8-b7e2-98b74ddac92c","https://cdn.jsdelivr.net/gh/faker-js/assets-person-portrait/male/512/71.jpg","Stephania","Mueller","45","th","Photography|Piano|Knitting|Dancing|Pottery|Baking|Chess|Calligraphy"
"d0e83a3f-5a13-42c2-912e-11046a8a2565","https://cdn.jsdelivr.net/gh/faker-js/assets-person-portrait/female/512/96.jpg","Stephenie","Matthews","97","ke","Piano|Reading|Gardening"
"1eb7b7e5-94f0-4439-8dbc-c6eb64d9365c","https://avatars.githubusercontent.com/u/80131232","Monroe","Schneider","50","za","Photography|Baking|Calligraphy|Cycling|Reading|Piano|Gaming|Hiking|Fishing"
"1a9ebd45-004d-4ac5-aae0-676f3937127c","https://cdn.jsdelivr.net/gh/faker-js/assets-person-portrait/female/512/74.jpg","Saul","Joekel","66","ae","Cycling|Cooking|Origami|Surfing|Knitting"
"a894b219-f636-438b-89f1-58af95f99f5a","https://avatars.githubusercontent.com/u/94210031","Morgan","Milstead","24","th","Dancing|Singing|Traveling|Knitting|Reading"
"9d5f65a4-713d-4762-85c2-7a2f1aa4eb74","https://avatars.githubusercontent.com/u/30928861","Sanford","Smells","56","ch","Hiking|Singing|Running|Chess|Birdwatching|Gaming"
"d08711f3-60d0-4763-a1aa-15f6e46dff52","https://avatars.githubusercontent.com/u/68096861","Stephens","Hernandez","116","vn","Swimming|Pottery|Knitting|Chess"
"fbc25e06-0887-46ee-9483-d0b237b8da08","https://cdn.jsdelivr.net/gh/faker-js/assets-person-portrait/male/512/0.jpg","Morris","Munday","108","cl","Pottery|Hiking|Astronomy|Baking|Reading"
"c9e56fef-fac8-4c8f-a589-1cf6a6a1d1b8","https://cdn.jsdelivr.net/gh/faker-js/assets-person-portrait/female/512/76.jpg","Stewart","Schaefer","68","ae","Baking|Knitting"
"84e03087-8364-4ab8-8b49-b27c891af309","https://avatars.githubusercontent.com/u/25663693","Mary","Smalls","87","bd",""
"8e657b89-bd90-4690-a7a9-5b00ae6eb947","https://avatars.githubusercontent.com/u/66957580","Stefanie","Mason","78","pk","Calligraphy"
"789d41ac-0dfc-4175-87c0-d94830bc993e","https://avatars.githubusercontent.com/u/32133322","Stella","Schmidt","93","ar","Piano|Cycling|Dancing|Fishing"
"f6351d10-5185-4ae0-b686-04eb3799494c","https://cdn.jsdelivr.net/gh/faker-js/assets-person-portrait/male/512/62.jpg","Joelson","Clark","96","ng","Hiking|Guitar|Dancing|Piano|Swimming|Traveling|Woodworking|Painting|Writing|Gardening"
"085d6fae-a5d7-4611-a2f2-c3e44bd79ea9","https://avatars.githubusercontent.com/u/42489088","Sage","Milcarek","79","cz","Swimming|Knitting|Surfing"
"97469562-299f-4077-be32-e67618592470","https://avatars.githubusercontent.com/u/89356115","Sander","Johansen","95","cz","Reading|Piano|Origami|Singing|Cooking|Astronomy|Calligraphy|Yoga|Guitar"
"387b07cf-6600-4f12-96e2-ed3fa0c77099","https://cdn.jsdelivr.net/gh/faker-js/assets-person-portrait/female/512/36.jpg","Stephania","Morford","39","ng","Surfing|Calligraphy|Pottery|Birdwatching|Piano|Cooking|Dancing|Baking|Skiing|Knitting"
"504eb5ac-2034-4926-b9be-3645794bf2da","https://cdn.jsdelivr.net/gh/faker-js/assets-person-portrait/male/512/9.jpg","Stefan","Maynard","81","pl","Piano|Skiing|Birdwatching|Gardening|Swimming|Woodworking|Singing|Running|Hiking|Baking"
"9cd1c432-4a77-4df3-918d-3d815a91cf48","https://cdn.jsdelivr.net/gh/faker-js/assets-person-portrait/female/512/89.jpg","Moreno","Moran","48","ru","Astronomy"
"d082b78d-7f42-426d-8709-874879523f9c","https://avatars.githubusercontent.com/u/91299319","Michael","Matheson","96","sg","Baking"
"7d69111d-339e-46b4-b8ed-dc5efd4b0a14","https://avatars.githubusercontent.com/u/90738625","Joanna","Moretti","70","jp","Chess|Writing|Skiing|Fishing|Singing|Guitar|Birdwatching|Knitting|Traveling|Swimming"
"1a0166e8-ac14-48aa-93e3-d05b3fe99fdb","https://cdn.jsdelivr.net/gh/faker-js/assets-person-portrait/female/512/72.jpg","Steffen","Schultz","113","eg","Camping|Reading|Knitting"
"07f3aaa7-b0a6-4084-8e10-2b16a504974d","https://avatars.githubusercontent.com/u/69354804","Stephenie","Milcarek","34","tr","Singing|Cycling|Dancing"
"5825d876-4b9e-409f-90fc-9b2c23ffe54b","https://cdn.jsdelivr.net/gh/faker-js/assets-person-portrait/female/512/61.jpg","Stephenie","Hernandez","4","bd","Piano"
"954e0677-a165-4b51-999d-26e2a8f8f623","https://cdn.jsdelivr.net/gh/faker-js/assets-person-portrait/male/512/37.jpg","Patricia","Schaffner","56","ae","Gardening"
"ea7bbd34-a57d-4708-9dbd-154697e7ee2a","https://cdn.jsdelivr.net/gh/faker-js/assets-person-portrait/male/512/11.jpg","Patricia","Moriarty","43","pt","Yoga|Traveling|Hiking|Reading|Woodworking|Guitar"
"bf952120-7139-4460-8041-010e111a8ed0","https://avatars.githubusercontent.com/u/78058789","Stella","Murphy","49","ng","Hiking|Knitting|Cycling|Astronomy"
"51bfd6e1-ffca-4050-9309-7110eac1fad9","https://cdn.jsdelivr.net/gh/faker-js/assets-person-portrait/female/512/39.jpg","Jonathon","Rodriguez","91","ke","Hiking|Yoga|Guitar|Gardening|Gaming|Camping|Chess|Surfing"
"17758d20-a49a-4b4e-a502-4a395e904599","https://cdn.jsdelivr.net/gh/faker-js/assets-person-portrait/male/512/75.jpg","Joseph","Mullins","63","ke","Camping"
"4bf95d50-2f8d-4a23-8dc9-8c860adfa37c","https://avatars.githubusercontent.com/u/37153877","Stefano","Murphy","26","fr","Chess|Gardening"
"541cd097-353b-4b3c-af15-3a8cc69135d2","https://cdn.jsdelivr.net/gh/faker-js/assets-person-portrait/female/512/42.jpg","Santino","Maxwell","14","br","Gardening|Calligraphy|Knitting|Singing|Baking|Origami|Camping|Yoga|Pottery|Skiing"
"9a78f084-23ef-42d0-8728-1bc267877aa6","https://cdn.jsdelivr.net/gh/faker-js/assets-person-portrait/male/512/74.jpg","Savasana","Schaefer","33","tr","Baking|Calligraphy|Piano|Running|Fishing|Guitar|Origami|Yoga|Gaming|Cooking"
"20bb2802-3c46-4191-8e70-293ffe1cbc3e","https://avatars.githubusercontent.com/u/94781713","Monica","Rodriguez","65","cn","Singing|Writing|Pottery|Woodworking|Surfing|Knitting"
"8a3f10cd-2650-46f2-9b49-1e23324ae864","https://avatars.githubusercontent.com/u/96182537","Stefanie","Mitchell","67","za","Chess|Guitar|Knitting|Singing|Origami|Surfing"
"e515171d-5ef9-4000-8cbb-19e5a690cfbb","https://cdn.jsdelivr.net/gh/faker-js/assets-person-portrait/female/512/21.jpg","Jessica","Mullens","47","my","Fishing|Dancing|Piano|Chess|Painting|Surfing|Guitar|Reading|Birdwatching"
"ec817575-b69e-474d-8a64-8d589a0e9bda","https://avatars.githubusercontent.com/u/33072539","Sanford","Milton","36","ua","Swimming|Camping|Origami|Yoga|Cooking|Painting"
"4d8d35b5-69d4-407c-9c6d-cc8f10ae0ce9","https://avatars.githubusercontent.com/u/3560010","Elizabeth","Schaffner","15","cn","Origami|Hiking|Cooking|Surfing|Painting|Gaming|Photography|Camping"
"2a12b894-4e0c-461e-9241-57965fba6e0a","https://cdn.jsdelivr.net/gh/faker-js/assets-person-portrait/female/512/69.jpg","Elizabeth","Smit","65","au","Singing|Yoga|Swimming|Surfing|Knitting|Pottery|Running|Reading"
"bef1d064-74ef-4acd-ad13-97874b990bc8","https://avatars.githubusercontent.com/u/10848001","Stefanell","Munsch","26","se","Painting|Calligraphy|Gaming|Woodworking|Guitar|Cooking|Singing"
"502f602b-1ba1-4f6f-9243-b18b91b40012","https://avatars.githubusercontent.com/u/92502321","Jovan","Mason","61","in","Piano|Running|Woodworking|Fishing|Cycling|Knitting|Swimming|Pottery"
"aa112803-79a7-4ca0-a038-bc1db9a437d2","https://avatars.githubusercontent.com/u/33469309","James","Smith","39","pl","Dancing|Baking"
"5e94b02b-c2b6-41ad-9668-a8685151a594","https://avatars.githubusercontent.com/u/51617925","Steffen","Minnick","99","fr","Traveling|Skiing|Yoga|Running|Surfing|Fishing|Chess|Guitar|Knitting|Astronomy"
"636f82c1-3dc0-4afd-967a-059b39a3c579","https://cdn.jsdelivr.net/gh/faker-js/assets-person-portrait/male/512/30.jpg","Stefan","Mitchell","28","ua","Fishing|Yoga|Camping|Guitar|Surfing|Running|Birdwatching|Traveling|Painting|Photography"
"fe7c11c8-3acc-48db-a1b5-08564505f998","https://avatars.githubusercontent.com/u/8390237","Joelson","Maggio","120","ng","Chess|Swimming|Running|Photography|Birdwatching"
"14abbfc7-7b5d-4183-bb77-b54ab5ec6b29","https://cdn.jsdelivr.net/gh/faker-js/assets-person-portrait/male/512/60.jpg","Jovan","Smolinski","8","eg","Gardening"
"742233cb-a5db-4968-8d00-fa0795ae16a8","https://cdn.jsdelivr.net/gh/faker-js/assets-person-portrait/male/512/67.jpg","Moreno","Mahoney","41","kr","Surfing|Writing|Cycling|Running|Guitar|Camping|Baking|Piano|Gaming|Traveling"
"4989757f-d669-48c2-b07e-56cb23d91340","https://avatars.githubusercontent.com/u/96915683","Steffen","Johannsen","34","cz","Gardening|Singing|Traveling|Woodworking|Guitar|Calligraphy"
"082f57fd-521b-4dbc-85de-af5863c926c2","https://cdn.jsdelivr.net/gh/faker-js/assets-person-portrait/male/512/97.jpg","Michael","Morris","117","ke","Skiing"
"d6dfdc15-e4b5-4e4c-84f3-1de04a99bdaa","https://avatars.githubusercontent.com/u/87097198","Saundra","Smolley","63","in","Piano|Calligraphy|Gardening|Surfing|Skiing|Cooking"
"ea714213-f824-4d34-850e-33baac9fb440","https://cdn.jsdelivr.net/gh/faker-js/assets-person-portrait/female/512/88.jpg","Stew","Smelson","66","dk","Camping|Chess|Cooking|Running|Hiking|Fishing|Dancing|Woodworking|Surfing"
"db472bde-7706-4b0a-b951-2904eddbc042","https://avatars.githubusercontent.com/u/13348465","Jorgensen","Martin","86","ua","Astronomy|Yoga|Guitar|Calligraphy"
"740231ef-7659-4d25-81a2-1d736103d2cd","https://cdn.jsdelivr.net/gh/faker-js/assets-person-portrait/female/512/24.jpg","Joel","Mullane","55","de","Piano|Woodworking|Birdwatching"
"5692d4c9-769c-400d-838d-d7e2709d7fb5","https://avatars.githubusercontent.com/u/31642382","Sadie","Jones","4","ph","Dancing|Reading|Chess|Baking|Hiking|Surfing|Fishing"
"67969afb-be95-499b-9b1a-70417b324760","https://avatars.githubusercontent.com/u/41231171","Steven","Johndrow","34","in","Knitting|Calligraphy|Chess|Woodworking"
"2b986f0b-7c87-457a-9db3-41ca61ee9574","https://cdn.jsdelivr.net/gh/faker-js/assets-person-portrait/female/512/91.jpg","Mohan","Mork","0","th",""
"1c04b226-9a23-419f-9828-0b201b133c03","https://avatars.githubusercontent.com/u/192584","Jocelyn","Johanson","93","in","Hiking|Gardening|Skiing|Cycling|Yoga|Birdwatching|Guitar|Running"
"0541e4f6-feb5-4766-a4ee-8a86fdafdb32","https://avatars.githubusercontent.com/u/87009669","Elizabeth","Mutchler","6","tr","Gaming|Chess|Cooking|Hiking|Calligraphy"
"9ca452c2-e13c-48c9-aa3b-62c1729c3b09","https://cdn.jsdelivr.net/gh/faker-js/assets-person-portrait/female/512/78.jpg","Stephenie","Johwell","112","il","Singing|Chess|Cycling|Running|Gardening"
"32781b47-dcda-40a7-b859-ed35e794ff84","https://cdn.jsdelivr.net/gh/faker-js/assets-person-portrait/male/512/79.jpg","Joris","Schall","79","nz","Reading|Traveling|Singing|Chess|Yoga|Photography|Astronomy|Gaming|Cycling"
"d297041b-868c-46df-9bfd-7ffd9d96ade1","https://avatars.githubusercontent.com/u/89394461","Joanne","Smathers","48","sg","Swimming|Painting|Yoga|Skiing"
"3e1d2043-eff0-447b-9e72-a4c6c3d50239","https://cdn.jsdelivr.net/gh/faker-js/assets-person-portrait/male/512/33.jpg","Patricia","Mullis","77","my","Calligraphy|Cooking|Traveling|Woodworking|Astronomy|Pottery"
"55f4bdd5-a519-4c36-8d2c-abf314bbfc46","https://avatars.githubusercontent.com/u/50579742","Stefan","Schafer","89","ru","Calligraphy"
"fedf3355-ce0b-4f96-a6e7-192a957b702b","https://cdn.jsdelivr.net/gh/faker-js/assets-person-portrait/female/512/83.jpg","Monica","Maher","31","se","Yoga"
"27adbad8-9b52-4d2e-80a1-a5d4f27fc89e","https://cdn.jsdelivr.net/gh/faker-js/assets-person-portrait/male/512/22.jpg","Moira","Mahmood","79","sg","Chess|Knitting|Photography|Origami|Writing"
"f0e17159-2d93-437e-a673-a24a8b6d0108","https://avatars.githubusercontent.com/u/39161660","Stefanie","Smelt","82","pt","Gardening|Guitar|Fishing|Dancing|Running"
"7cdb8032-a4de-4c92-a549-b868ad1c6c26","https://avatars.githubusercontent.com/u/11214720","William","Schaffrath","26","at","Running|Guitar|Painting|Chess"
"ffd60328-30b0-44b4-b73f-4af397b10ad2","https://cdn.jsdelivr.net/gh/faker-js/assets-person-portrait/female/512/63.jpg","Sage","Murphy","112","ar","Calligraphy|Camping|Swimming|Knitting|Yoga|Cycling|Gaming"
"9b167df5-0896-49b3-a396-f9e90e49df11","https://cdn.jsdelivr.net/gh/faker-js/assets-person-portrait/male/512/66.jpg","Stéphane","Morford","92","no","Running|Skiing|Dancing|Guitar|Calligraphy|Surfing|Origami|Astronomy|Writing|Gaming"
"59fbe4e3-1a60-4384-89be-3b75661404ad","https://cdn.jsdelivr.net/gh/faker-js/assets-person-portrait/male/512/0.jpg","Morton","Schuman","41","pk","Birdwatching|Origami|Woodworking"
"723ff4c4-6a8f-4813-be89-92df34690c0f","https://cdn.jsdelivr.net/gh/faker-js/assets-person-portrait/female/512/93.jpg","Jennifer","Smalls","13","pe","Birdwatching|Reading|Photography|Hiking|Skiing|Chess"
"e49c4ba9-0e13-4ee4-b937-b9a3d89d4d33","https://cdn.jsdelivr.net/gh/faker-js/assets-person-portrait/male/512/18.jpg","Joshua","Anderson","102","us","Fishing"
"31f8a25e-2e82-4115-b1ec-3994c3bd8f6e","https://cdn.jsdelivr.net/gh/faker-js/assets-person-portrait/female/512/93.jpg","Steve","Smathurst","86","ae","Piano|Origami|Painting|Woodworking|Guitar|Writing|Gardening|Fishing"
"74b4802f-0de3-4c28-9eb6-cbe55f448305","https://cdn.jsdelivr.net/gh/faker-js/assets-person-portrait/male/512/28.jpg","Jonathan","Milstead","24","sa","Knitting|Chess|Astronomy|Dancing|Reading|Woodworking|Gaming|Swimming|Camping"
"a008b93a-32fc-46f5-b06b-c7c67e776551","https://avatars.githubusercontent.com/u/62733870","Monroe","Maynard","20","jp","Knitting|Calligraphy|Piano|Birdwatching|Painting|Traveling"
"900b0c76-a6b7-4cd5-9607-9fd5d8d562bf","https://avatars.githubusercontent.com/u/18157367","Sally","Schalk","63","kr","Camping|Astronomy|Traveling|Swimming|Yoga|Surfing|Skiing|Baking"
"b4a810a6-8f84-4b70-b1ec-254e4ecae9ea","https://cdn.jsdelivr.net/gh/faker-js/assets-person-portrait/male/512/96.jpg","Jocelyn","Schultz","29","be","Origami|Cycling|Astronomy|Birdwatching|Camping|Traveling|Cooking|Singing|Pottery"
"8a17bcfb-e3c6-4df4-9524-87243efc6ccf","https://avatars.githubusercontent.com/u/94362384","Stanley","Milstead","44","lk","Photography|Baking|Skiing"
"cd52c954-5494-4c66-be6a-e273c57aef64","https://cdn.jsdelivr.net/gh/faker-js/assets-person-portrait/female/512/58.jpg","Saveria","Smelt","72","nz","Gaming|Guitar|Traveling|Writing|Baking|Painting|Birdwatching|Calligraphy|Pottery|Astronomy"
"41bfd7af-1b3a-4284-9ca0-e12c44c0e9d3","https://cdn.jsdelivr.net/gh/faker-js/assets-person-portrait/male/512/5.jpg","Savanna","Schaffrath","95","sa","Skiing|Painting|Birdwatching|Guitar|Knitting|Chess|Woodworking|Singing|Astronomy|Photography"
"affaf6bb-38ae-4447-bc3d-3c3fe75b31cf","https://cdn.jsdelivr.net/gh/faker-js/assets-person-portrait/male/512/0.jpg","Mordecai","Schalk","83","il","Fishing|Baking|Surfing|Chess|Traveling|Pottery|Photography|Swimming|Skiing"
"a59e45ba-cd5f-415e-aec6-24f5d385da25","https://avatars.githubusercontent.com/u/94848520","Samuel","Muth","29","jp",""
"c4b30d6c-4390-4050-b754-e54a443509e6","https://cdn.jsdelivr.net/gh/faker-js/assets-person-portrait/female/512/71.jpg","Stanley","Rodriguez","58","nz","Calligraphy|Dancing|Woodworking|Baking|Knitting|Painting|Gaming|Gardening"
"fe8108ff-6b09-4efc-81cd-e7d06084bf7a","https://cdn.jsdelivr.net/gh/faker-js/assets-person-portrait/male/512/84.jpg","Sara","Schall","27","de","Origami|Photography"
"08fb42f3-2f65-402d-8ed3-cea5c439dc11","https://cdn.jsdelivr.net/gh/faker-js/assets-person-portrait/female/512/14.jpg","Samuel","Mason","117","nl","Astronomy|Pottery"
"bc6caad4-308d-4a9e-b8b1-a931d556899e","https://avatars.githubusercontent.com/u/84607178","Morgan","Milstead","44","se","Piano|Painting|Skiing|Traveling|Guitar|Dancing|Camping"
"a5797190-adee-4630-9e87-457a32c5d428","https://cdn.jsdelivr.net/gh/faker-js/assets-person-portrait/male/512/12.jpg","Sally","Maher","74","mx","Reading"
"51c4c46c-dc77-48c4-8134-dca36697c15b","https://avatars.githubusercontent.com/u/65217029","Jennifer","Johl","65","sg",""
"7831c726-6253-405d-9edc-6a60e81edeaf","https://cdn.jsdelivr.net/gh/faker-js/assets-person-portrait/male/512/78.jpg","Sander","Schmidt","98","au","Knitting|Singing|Cooking|Piano"
"ae997376-b5a4-4585-afb6-16a4f6853fdc","https://avatars.githubusercontent.com/u/69257979","Stephenie","Smele","61","za",""
"cd627182-867d-4bd5-aff9-2e4bf332f12f","https://cdn.jsdelivr.net/gh/faker-js/assets-person-portrait/female/512/9.jpg","Michael","Milholland","51","be","Piano|Baking"
"569583d8-2e62-49d5-864b-5b8ea7dae211","https://cdn.jsdelivr.net/gh/faker-js/assets-person-portrait/male/512/86.jpg","Charles","Morford","8","in","Photography|Calligraphy|Fishing|Writing|Birdwatching|Gardening|Yoga|Cycling"
"5672fcf5-7bb3-409e-b2a8-0c0126c4e559","https://avatars.githubusercontent.com/u/70441900","Richard","Smalls","3","id","Baking|Traveling|Knitting|Gardening|Singing|Surfing|Painting"
"559cf6db-b647-474d-9fd5-334a99051022","https://avatars.githubusercontent.com/u/36360010","Jonny","Thomas","57","us",""
"04d72251-0a3f-41c1-b0ba-97b72d4c04f3","https://cdn.jsdelivr.net/gh/faker-js/assets-person-portrait/female/512/94.jpg","Modena","Johwell","78","eg","Hiking|Birdwatching|Woodworking|Photography|Dancing"
